id,vertical,name,human_situation,economic_model,expertise_fit,executor_access,ticket_hypothesis,intent_clarity,low_ops_friction,status
N001,Контрабас,Ремонт контрабасов,Трещина деки или проблема грифа: нужен мастер именно по контрабасу,заказ мастеру,5,4,4,5,4,"гипотеза, не проверена"
N002,Контрабас,Реставрация старинных контрабасов,Владельцу требуется восстановить старый инструмент без потери его характера,экспертная комиссия,5,3,5,4,2,"гипотеза, не проверена"
N003,Контрабас,Продажа мастеровых контрабасов,"Музыкант ищет конкретную мензуру, форму и исполнительский отклик",торговая маржа,5,4,5,5,3,"гипотеза, не проверена"
N004,Контрабас,Скупка контрабасов,Владелец хочет продать инструмент с предметной оценкой,выкуп или комиссия,5,4,5,5,3,"гипотеза, не проверена"
N005,Контрабас,Комиссионная продажа контрабасов,"Музыкант хочет продать контрабас, не занимаясь поиском покупателей",комиссия от сделки,5,4,5,4,4,"гипотеза, не проверена"
N006,Контрабас,Контрабасные смычки и подбор,"Исполнителю нужен смычок под руку и стиль, а не случайный товар",торговая маржа,5,4,4,5,4,"гипотеза, не проверена"
N007,Контрабас,Настройка мензуры и геометрии контрабаса,Контрабас неудобен в игре: нужна диагностика посадки и высоты струн,заказ мастеру,5,4,4,5,4,"гипотеза, не проверена"
N008,Контрабас,Прокат концертных контрабасов по райдеру,Организатору нужен определённый контрабас к конкретному концерту,аренда или партнёр,5,5,4,5,3,"гипотеза, не проверена"
N009,Контрабас,Перевозка контрабасов,Оркестру и музыканту нужен транспорт с учётом размера и сохранности,партнёрское вознаграждение,5,4,4,5,3,"гипотеза, не проверена"
N010,Контрабас,Контрабасная школа для взрослых,"Взрослый начинает или возобновляет занятия, нужен подходящий педагог",комиссия от заказа,5,4,3,4,5,"гипотеза, не проверена"
N011,Смычковые,Ремонт виолончелей,"Владелец виолончели ищет мастера по трещинам, шпилю, подставке",заказ мастеру,5,4,4,5,4,"гипотеза, не проверена"
N012,Смычковые,Реставрация мастеровых виолончелей,Музыканту нужно восстановить ценный инструмент с документированной работой,экспертная комиссия,5,3,5,4,2,"гипотеза, не проверена"
N013,Смычковые,Ремонт скрипок,Владельцу требуется диагностика и профессиональный ремонт скрипки,заказ мастеру,5,4,4,5,4,"гипотеза, не проверена"
N014,Смычковые,Ремонт альтов,Альтист ищет узкого мастера для инструмента и его настройки,заказ мастеру,5,4,4,4,4,"гипотеза, не проверена"
N015,Смычковые,Переволосовка смычков,"Смычок потерял рабочие качества, требуется замена волоса",заказ мастеру,5,5,3,5,5,"гипотеза, не проверена"
N016,Смычковые,Ремонт и балансировка смычков,"Смычок повреждён или неустойчив, нужен профильный мастер",заказ мастеру,5,4,4,4,4,"гипотеза, не проверена"
N017,Смычковые,Подбор детской виолончели,Родителям нужен инструмент под рост ребёнка и требования педагога,аренда или подбор,5,5,3,5,5,"гипотеза, не проверена"
N018,Смычковые,Оценка скрипок для продажи,Владелец хочет понять состояние и реалистичный маршрут продажи,экспертная комиссия,5,4,4,5,4,"гипотеза, не проверена"
N019,Смычковые,Комиссионная продажа виолончелей,Музыканту нужно продать виолончель через профессиональный показ,комиссия от сделки,5,4,5,4,4,"гипотеза, не проверена"
N020,Смычковые,Комплекты струн для оркестровых инструментов,Исполнителю нужны совместимые струны с объяснением характера комплекта,торговая маржа,5,5,3,5,5,"гипотеза, не проверена"
N021,Клавишные,Настройка акустических пианино,"Инструмент расстроен или готовится к экзамену, нужен настройщик",заказ мастеру,5,4,3,5,5,"гипотеза, не проверена"
N022,Клавишные,Ремонт механики акустических пианино,"Клавиши и педали работают неравномерно, нужна регулировка",заказ мастеру,5,4,4,5,4,"гипотеза, не проверена"
N023,Клавишные,Ремонт роялей,Рояль в концертном зале требует профильной работы с механикой,заказ мастеру,5,3,5,5,3,"гипотеза, не проверена"
N024,Клавишные,Перевозка роялей,Рояль нужно переместить с сохранением механики и корпуса,партнёрское вознаграждение,5,4,5,5,3,"гипотеза, не проверена"
N025,Клавишные,Аренда концертных роялей,Организатору нужен проверенный инструмент на выступление,аренда или партнёр,5,4,5,5,3,"гипотеза, не проверена"
N026,Клавишные,Подбор цифрового пианино для учебы,"Родитель выбирает инструмент, соответствующий практике и бюджету",торговая маржа,5,5,3,5,5,"гипотеза, не проверена"
N027,Клавишные,Ремонт цифровых пианино,"Не работает клавиатура, педали или электроника цифрового пианино",заказ мастеру,5,3,4,5,4,"гипотеза, не проверена"
N028,Клавишные,Реставрация старинных роялей,Коллекционеру нужна оценка восстановительных работ и мастер,экспертная комиссия,4,3,5,4,2,"гипотеза, не проверена"
N029,Клавишные,Акустические пианино после аренды,Покупателю нужен проверенный подержанный инструмент с историей,торговая маржа,5,4,4,4,3,"гипотеза, не проверена"
N030,Клавишные,Продажа премиальных цифровых пианино,"Исполнитель выбирает механику, педали и управление звуком",торговая маржа,5,4,5,4,4,"гипотеза, не проверена"
N031,Торговля музыкой,Скупка музыкальных инструментов,Владелец хочет продать инструмент без универсальной комиссионки,выкуп или комиссия,5,5,5,5,4,"гипотеза, не проверена"
N032,Торговля музыкой,Комиссионная продажа музыкальных инструментов,Музыканту нужна прозрачная продажа с профессиональной презентацией,комиссия от сделки,5,5,5,5,4,"гипотеза, не проверена"
N033,Торговля музыкой,Магазин контрабасных струн,"Контрабасист выбирает струны по задачам, натяжению и отклику",торговая маржа,5,5,4,5,5,"гипотеза, не проверена"
N034,Торговля музыкой,Магазин виолончельных струн,Виолончелист ищет точный комплект по инструменту и школе,торговая маржа,5,4,4,5,5,"гипотеза, не проверена"
N035,Торговля музыкой,Магазин смычковых аксессуаров,"Нужны подбородники, шпили, канифоль и профессиональная консультация",торговая маржа,5,4,3,4,5,"гипотеза, не проверена"
N036,Торговля музыкой,Подбор футляров для контрабасов,Нужен чехол или кофр по габаритам конкретного инструмента,торговая маржа,5,4,4,5,4,"гипотеза, не проверена"
N037,Торговля музыкой,Продажа пюпитров для оркестров,Школе и ансамблю требуется согласованная закупка пюпитров,торговая маржа,5,5,3,5,5,"гипотеза, не проверена"
N038,Торговля музыкой,Магазин запчастей для смычковых,Мастеру требуются заготовки и детали подтверждённого происхождения,торговая маржа,4,3,4,4,4,"гипотеза, не проверена"
N039,Торговля музыкой,Бутик подержанных гитар,Гитарист выбирает проверенный инструмент с подробной диагностикой,торговая маржа,4,4,4,5,3,"гипотеза, не проверена"
N040,Торговля музыкой,Скупка и продажа синтезаторов,Владелец продаёт или ищет клавишный инструмент с проверкой состояния,выкуп или комиссия,4,4,4,5,4,"гипотеза, не проверена"
N041,Концерты и школы,Комплектация музыкальных школ,Школе нужен набор инструментов по программе и возрастам учеников,проектная поставка,5,5,5,5,3,"гипотеза, не проверена"
N042,Концерты и школы,Оснащение оркестра пюпитрами и стульями,Оркестр комплектует репетиционную или концертную площадку,поставка или аренда,5,5,4,5,4,"гипотеза, не проверена"
N043,Концерты и школы,Подбор концертного бэклайна по райдеру,"Группа прислала технический райдер, нужен комплект оборудования",партнёрское вознаграждение,5,5,5,5,4,"гипотеза, не проверена"
N044,Концерты и школы,Аренда микрофонов для вокала,Певцу нужен микрофон и понятная схема подключения,аренда или партнёр,5,5,3,5,5,"гипотеза, не проверена"
N045,Концерты и школы,Сценический звук для камерного концерта,Организатор готовит камерный концерт и боится лишнего оборудования,партнёрское вознаграждение,5,4,4,5,4,"гипотеза, не проверена"
N046,Концерты и школы,Аренда электронных ударных для обучения,Ученик должен заниматься дома без акустических барабанов,аренда или партнёр,5,4,3,5,4,"гипотеза, не проверена"
N047,Концерты и школы,Аренда концертных арф,Концертная организация ищет арфу и квалифицированную логистику,аренда или партнёр,5,3,5,4,2,"гипотеза, не проверена"
N048,Концерты и школы,Аренда оборудования для музыкальной съёмки,Продакшну нужен инструмент и реквизит в кадр на определённую дату,аренда или партнёр,5,5,4,5,4,"гипотеза, не проверена"
N049,Концерты и школы,Техническое обеспечение студенческих экзаменов,Школа арендует оборудование и инструменты к экзаменам,проектная поставка,5,4,4,5,4,"гипотеза, не проверена"
N050,Концерты и школы,Монтаж звукоизоляции домашних репетиционных комнат,"Музыкант хочет заниматься, не мешая соседям, нужна оценка решения",партнёрское вознаграждение,4,3,5,5,2,"гипотеза, не проверена"
N051,Исполнители и продюсирование,Подбор концертных контрабасистов,Оркестру нужен исполнитель на конкретную дату и программу,комиссия от заказа,5,5,4,5,5,"гипотеза, не проверена"
N052,Исполнители и продюсирование,Подбор виолончелистов на концерты,Организатору нужен надёжный солист или участник ансамбля,комиссия от заказа,5,4,4,5,5,"гипотеза, не проверена"
N053,Исполнители и продюсирование,Заказ струнного квартета,"Клиент ищет ансамбль под программу, площадку и время",комиссия от заказа,5,4,4,5,5,"гипотеза, не проверена"
N054,Исполнители и продюсирование,Подбор концертмейстеров,Музыканту требуется аккомпаниатор для экзамена или записи,комиссия от заказа,5,4,3,5,5,"гипотеза, не проверена"
N055,Исполнители и продюсирование,Подбор преподавателей по контрабасу,Человеку нужен педагог с определённой исполнительской школой,комиссия от заказа,5,5,3,5,5,"гипотеза, не проверена"
N056,Исполнители и продюсирование,Подбор преподавателей виолончели,Родителю нужен педагог с опытом и пониманием размеров инструмента,комиссия от заказа,5,4,3,5,5,"гипотеза, не проверена"
N057,Исполнители и продюсирование,Музыкальная запись удалёнными исполнителями,Композитору требуется запись живой партии по партитуре,комиссия от заказа,5,4,4,5,4,"гипотеза, не проверена"
N058,Исполнители и продюсирование,Набор техников сцены на концерты,Площадке нужен монтажник или звукооператор на дату,комиссия от заказа,4,4,4,5,4,"гипотеза, не проверена"
N059,Исполнители и продюсирование,Продюсирование независимого вокалиста,Исполнителю нужна организация выступлений и заказов вместо советов,доля от подтверждённых заказов,4,4,4,4,3,"гипотеза, не проверена"
N060,Исполнители и продюсирование,Персональный сайт исполнителя с заказами,Артисту нужен ясный профессиональный вход для организаторов,проектная услуга,5,5,3,5,5,"гипотеза, не проверена"
N061,Дом и акустика,Акустические решения для комнат с пианино,"Дома слишком громко, нужна оценка акустики без обещаний полной тишины",партнёрское вознаграждение,4,3,5,5,3,"гипотеза, не проверена"
N062,Дом и акустика,Контроль влажности для музыкальных инструментов,Коллекция смычковых страдает от перепадов влажности,партнёрское вознаграждение,5,4,4,5,4,"гипотеза, не проверена"
N063,Дом и акустика,Проектирование частных музыкальных студий,Заказчику нужно рабочее помещение для записи и занятий,проектная услуга,4,3,5,5,2,"гипотеза, не проверена"
N064,Дом и акустика,Монтаж домашних кинозалов,Владелец хочет аккуратную инсталляцию звука и изображения,проектная услуга,3,3,5,4,3,"гипотеза, не проверена"
N065,Дом и акустика,Точная настройка домашних аудиосистем,"Система дорогая, но слушать неудобно; нужна диагностика размещения",проектная услуга,4,3,4,4,3,"гипотеза, не проверена"
N066,Дом и акустика,Монтаж проводных домашних сетей,"Дом большой, Wi-Fi нестабилен; нужна проводная инфраструктура",партнёрское вознаграждение,4,3,4,5,3,"гипотеза, не проверена"
N067,Дом и акустика,Ремонт премиальной акустики,Дорогая колонка или усилитель вышли из строя и требуют сервиса,заказ мастеру,4,3,4,5,4,"гипотеза, не проверена"
N068,Дом и акустика,Обслуживание механических рояльных систем в домах,Владельцу рояля нужен регулярный контроль инструмента,заказ мастеру,4,3,4,4,4,"гипотеза, не проверена"
N069,Дом и акустика,Реставрация старинных дверей,Владелец исторической квартиры хочет сохранить родные двери,партнёрское вознаграждение,2,2,5,4,2,"гипотеза, не проверена"
N070,Дом и акустика,Изготовление мебели для музыкальных кабинетов,"Преподавателю нужен стол, шкаф и мебель под конкретный инструмент",партнёрское вознаграждение,4,3,4,4,3,"гипотеза, не проверена"
N071,Ценные вещи и логистика,Перевозка антикварной мебели,Требуется упаковка и перевозка без ущерба для реставрации,партнёрское вознаграждение,3,3,5,5,3,"гипотеза, не проверена"
N072,Ценные вещи и логистика,Реставрация винтажной мебели,"Владелец хочет сохранить предмет, а не заменить его",партнёрское вознаграждение,3,3,5,5,2,"гипотеза, не проверена"
N073,Ценные вещи и логистика,Оценка коллекционных музыкальных инструментов,Владелец хочет оценку для продажи с прозрачными ограничениями компетенции,экспертная комиссия,5,4,5,5,3,"гипотеза, не проверена"
N074,Ценные вещи и логистика,Транспортировка музейных предметов,Учреждению нужен исполнитель по упаковке и сопровождению,партнёрское вознаграждение,3,2,5,4,2,"гипотеза, не проверена"
N075,Ценные вещи и логистика,Оцифровка катушечных магнитофонных лент,Архивист хочет сохранить записи с корректной аппаратурой,проектная услуга,4,3,4,5,4,"гипотеза, не проверена"
N076,Ценные вещи и логистика,Восстановление старых концертных записей,Оркестру нужен ремастеринг ценной записи с исходными файлами,проектная услуга,5,4,4,5,4,"гипотеза, не проверена"
N077,Ценные вещи и логистика,Ремонт винтажных магнитофонов,Владелец ценит аппарат и ищет профильную мастерскую,заказ мастеру,4,3,4,4,3,"гипотеза, не проверена"
N078,Ценные вещи и логистика,Перевозка пианино по узким лестницам,Инструмент нужно переместить при сложном доступе к дому,партнёрское вознаграждение,5,4,4,5,3,"гипотеза, не проверена"
N079,Ценные вещи и логистика,Профессиональное хранение музыкальных инструментов,Владелец уезжает и ищет контролируемое хранение и учёт,партнёрское вознаграждение,5,3,5,5,2,"гипотеза, не проверена"
N080,Ценные вещи и логистика,Консервация архивов фотографий,"Семье нужно сохранить оригиналы, плёнки и отсканированные копии",проектная услуга,3,2,4,4,3,"гипотеза, не проверена"
N081,Оборудование для бизнеса,Ремонт промышленного звукового оборудования,Концертный зал должен быстро восстановить усилители или микшер,заказ мастеру,4,3,5,5,3,"гипотеза, не проверена"
N082,Оборудование для бизнеса,Обслуживание микшерных консолей,Площадка ищет техника под конкретную модель и неисправность,заказ мастеру,5,4,4,5,4,"гипотеза, не проверена"
N083,Оборудование для бизнеса,Ремонт профессиональных радиосистем,"Проблемы радиомикрофонов срывают мероприятие, нужна диагностика",заказ мастеру,5,3,4,4,3,"гипотеза, не проверена"
N084,Оборудование для бизнеса,Обслуживание студийных мониторов,Студия не может продолжать работу из-за проблем со звуком,заказ мастеру,5,4,4,4,3,"гипотеза, не проверена"
N085,Оборудование для бизнеса,Ремонт цифровых сценических пианино,"На площадке неисправен инструмент, требуется электроника и механика",заказ мастеру,5,3,4,5,4,"гипотеза, не проверена"
N086,Оборудование для бизнеса,Обслуживание ресторанных холодильных шкафов,Ресторану нужен профильный сервис для конкретной модели,партнёрское вознаграждение,2,2,5,5,3,"гипотеза, не проверена"
N087,Оборудование для бизнеса,Ремонт кофейных машин для кофеен,Владельцу кафе нужен понятный ремонт и график обслуживания,партнёрское вознаграждение,2,2,4,5,4,"гипотеза, не проверена"
N088,Оборудование для бизнеса,Ремонт профессиональных принтеров и плоттеров,Типография ждёт специалиста по модели без долгой остановки,партнёрское вознаграждение,3,2,4,4,3,"гипотеза, не проверена"
N089,Оборудование для бизнеса,Калибровка лабораторных весов,Лаборатории нужны подтверждённые процедуры и аккредитованный исполнитель,сертифицированная услуга партнёра,2,1,5,5,2,"гипотеза, не проверена"
N090,Оборудование для бизнеса,Обслуживание систем видеоконференций,Компании нужен надёжный звук и изображение в переговорной,проектная услуга,3,3,4,4,4,"гипотеза, не проверена"
N091,Узкие специалисты,Ремонт духовых инструментов,Музыканту нужен мастер для клапанов и герметичности,заказ мастеру,5,3,4,5,4,"гипотеза, не проверена"
N092,Узкие специалисты,Реставрация акустических гитар,"Гитаристу нужен ремонт грифа, деки или ладов",заказ мастеру,4,3,4,5,4,"гипотеза, не проверена"
N093,Узкие специалисты,Ремонт аналоговых синтезаторов,Музыкант ищет мастера по конкретной электронике и калибровке,заказ мастеру,4,3,5,5,3,"гипотеза, не проверена"
N094,Узкие специалисты,Настройка электронных барабанов,Ученик не может настроить модуль и чувствительность пэдов,заказ мастеру,4,3,3,5,5,"гипотеза, не проверена"
N095,Узкие специалисты,Ремонт оптики фотообъективов,"Фотографу нужен ремонт, чистка и юстировка редкого объектива",заказ мастеру,3,2,5,4,3,"гипотеза, не проверена"
N096,Узкие специалисты,Восстановление кассетных дек,Коллекционер хочет вернуть работоспособность без потери качества,заказ мастеру,4,3,4,4,3,"гипотеза, не проверена"
N097,Узкие специалисты,Переплёт и реставрация нотных изданий,Архиву нужно сохранить старые партитуры и книги,проектная услуга,5,3,3,4,3,"гипотеза, не проверена"
N098,Узкие специалисты,Нотный набор и подготовка партий для оркестра,Оркестр получил партитуру и нуждается в читабельных партиях,проектная услуга,5,5,4,5,5,"гипотеза, не проверена"
N099,Узкие специалисты,Аранжировка для камерного ансамбля,Композитору нужно переложение для реального состава инструментов,проектная услуга,5,4,4,5,5,"гипотеза, не проверена"
N100,Узкие специалисты,Производство персональных сайтов мастеров,"Мастер качественно работает, но не умеет получать прямые обращения",проектная услуга,5,5,4,5,5,"гипотеза, не проверена"
