entity,cluster,city,region_id,allow_rent,allow_prokat,allow_school,allow_learning,allow_concert,allow_orchestra,allow_shooting,allow_rider,notes
"пианино","клавишные","Москва","213","true","true","true","true","false","false","false","false",""
"цифровое пианино","клавишные","Москва","213","true","true","true","true","false","false","false","false",""
"фортепиано","клавишные","Москва","213","true","true","true","true","false","false","false","false",""
"рояль","клавишные","Москва","213","true","false","false","false","true","false","true","true",""
"синтезатор","клавишные","Москва","213","true","true","false","true","true","false","true","true",""
"кейтара","клавишные","Москва","213","true","true","false","false","true","false","true","true",""
"аккордеон","клавишные","Москва","213","true","true","false","true","true","true","true","true",""
"баян","клавишные","Москва","213","true","true","false","true","true","true","true","true",""
"клавесин","клавишные","Москва","213","true","true","false","false","true","true","true","true",""
"скрипка","смычковые","Москва","213","true","true","true","true","true","true","true","true",""
"альт","смычковые","Москва","213","true","true","true","true","true","true","true","true",""
"виолончель","смычковые","Москва","213","true","true","true","true","true","true","true","true",""
"контрабас","смычковые","Москва","213","true","true","true","true","true","true","true","true",""
"арфа","струнные","Москва","213","true","true","false","true","true","true","true","true",""
"гитара","струнные","Москва","213","true","true","false","true","true","true","true","true",""
"саксофон","духовые","Москва","213","true","true","false","true","true","true","true","true",""
"кларнет","духовые","Москва","213","true","true","false","true","true","true","true","true",""
"гобой","духовые","Москва","213","true","true","false","true","true","true","true","true",""
"фагот","духовые","Москва","213","true","true","false","true","true","true","true","true",""
"флейта","духовые","Москва","213","true","true","false","true","true","true","true","true",""
"труба","духовые","Москва","213","true","true","false","true","true","true","true","true",""
"валторна","духовые","Москва","213","true","true","false","true","true","true","true","true",""
"тромбон","духовые","Москва","213","true","true","false","true","true","true","true","true",""
"туба","духовые","Москва","213","true","true","false","true","true","true","true","true",""
"цифровое пианино","клавишные","Казань","43","true","true","true","true","false","false","false","false","Казань пока только цифровые пианино"
