seed,entity,cluster,scene,city,region_id,max_results
аренда кейтара для съемки,кейтара,клавишные,shooting,Москва,213,2000
кейтара для съемки,кейтара,клавишные,shooting,Москва,213,2000
аренда клавесин для съемки,клавесин,клавишные,shooting,Москва,213,2000
клавесин для съемки,клавесин,клавишные,shooting,Москва,213,2000
аренда рояль для съемки,рояль,клавишные,shooting,Москва,213,2000
рояль для съемки,рояль,клавишные,shooting,Москва,213,2000
аренда синтезатор для съемки,синтезатор,клавишные,shooting,Москва,213,2000
синтезатор для съемки,синтезатор,клавишные,shooting,Москва,213,2000
альт для съемки,альт,смычковые,shooting,Москва,213,2000
аренда альт для съемки,альт,смычковые,shooting,Москва,213,2000
аренда виолончель для съемки,виолончель,смычковые,shooting,Москва,213,2000
виолончель для съемки,виолончель,смычковые,shooting,Москва,213,2000
аренда контрабас для съемки,контрабас,смычковые,shooting,Москва,213,2000
контрабас для съемки,контрабас,смычковые,shooting,Москва,213,2000
аренда скрипка для съемки,скрипка,смычковые,shooting,Москва,213,2000
скрипка для съемки,скрипка,смычковые,shooting,Москва,213,2000
аренда арфа для съемки,арфа,струнные,shooting,Москва,213,2000
арфа для съемки,арфа,струнные,shooting,Москва,213,2000
аренда гитара для съемки,гитара,струнные,shooting,Москва,213,2000
гитара для съемки,гитара,струнные,shooting,Москва,213,2000
аренда валторна по райдеру,валторна,духовые,rider,Москва,213,2000
валторна по райдеру,валторна,духовые,rider,Москва,213,2000
аренда гобой по райдеру,гобой,духовые,rider,Москва,213,2000
гобой по райдеру,гобой,духовые,rider,Москва,213,2000
аренда кларнет по райдеру,кларнет,духовые,rider,Москва,213,2000
кларнет по райдеру,кларнет,духовые,rider,Москва,213,2000
аренда саксофон по райдеру,саксофон,духовые,rider,Москва,213,2000
саксофон по райдеру,саксофон,духовые,rider,Москва,213,2000
аренда тромбон по райдеру,тромбон,духовые,rider,Москва,213,2000
тромбон по райдеру,тромбон,духовые,rider,Москва,213,2000
аренда труба по райдеру,труба,духовые,rider,Москва,213,2000
труба по райдеру,труба,духовые,rider,Москва,213,2000
аренда туба по райдеру,туба,духовые,rider,Москва,213,2000
туба по райдеру,туба,духовые,rider,Москва,213,2000
аренда фагот по райдеру,фагот,духовые,rider,Москва,213,2000
фагот по райдеру,фагот,духовые,rider,Москва,213,2000
аренда флейта по райдеру,флейта,духовые,rider,Москва,213,2000
флейта по райдеру,флейта,духовые,rider,Москва,213,2000
аккордеон по райдеру,аккордеон,клавишные,rider,Москва,213,2000
аренда аккордеон по райдеру,аккордеон,клавишные,rider,Москва,213,2000
аренда баян по райдеру,баян,клавишные,rider,Москва,213,2000
баян по райдеру,баян,клавишные,rider,Москва,213,2000
аренда кейтара по райдеру,кейтара,клавишные,rider,Москва,213,2000
кейтара по райдеру,кейтара,клавишные,rider,Москва,213,2000
аренда клавесин по райдеру,клавесин,клавишные,rider,Москва,213,2000
клавесин по райдеру,клавесин,клавишные,rider,Москва,213,2000
аренда рояль по райдеру,рояль,клавишные,rider,Москва,213,2000
рояль по райдеру,рояль,клавишные,rider,Москва,213,2000
аренда синтезатор по райдеру,синтезатор,клавишные,rider,Москва,213,2000
синтезатор по райдеру,синтезатор,клавишные,rider,Москва,213,2000
альт по райдеру,альт,смычковые,rider,Москва,213,2000
аренда альт по райдеру,альт,смычковые,rider,Москва,213,2000
аренда виолончель по райдеру,виолончель,смычковые,rider,Москва,213,2000
виолончель по райдеру,виолончель,смычковые,rider,Москва,213,2000
аренда контрабас по райдеру,контрабас,смычковые,rider,Москва,213,2000
контрабас по райдеру,контрабас,смычковые,rider,Москва,213,2000
аренда скрипка по райдеру,скрипка,смычковые,rider,Москва,213,2000
скрипка по райдеру,скрипка,смычковые,rider,Москва,213,2000
аренда арфа по райдеру,арфа,струнные,rider,Москва,213,2000
арфа по райдеру,арфа,струнные,rider,Москва,213,2000
аренда гитара по райдеру,гитара,струнные,rider,Москва,213,2000
гитара по райдеру,гитара,струнные,rider,Москва,213,2000
аренда цифровое пианино,цифровое пианино,клавишные,rent,Казань,43,2000
цифровое пианино в аренду,цифровое пианино,клавишные,rent,Казань,43,2000
аренда цифровое пианино Казань,цифровое пианино,клавишные,rent-city,Казань,43,2000
прокат цифровое пианино,цифровое пианино,клавишные,prokat,Казань,43,2000
цифровое пианино напрокат,цифровое пианино,клавишные,prokat,Казань,43,2000
прокат цифровое пианино Казань,цифровое пианино,клавишные,prokat-city,Казань,43,2000
цифровое пианино для музыкальной школы,цифровое пианино,клавишные,school,Казань,43,2000
цифровое пианино для школы,цифровое пианино,клавишные,school,Казань,43,2000
цифровое пианино для обучения,цифровое пианино,клавишные,learning,Казань,43,2000
какое цифровое пианино выбрать для обучения,цифровое пианино,клавишные,learning-choice,Казань,43,2000
