query,city,frequency,relation,source_seeds,status,notes
электронное фортепиано,Казань,154,association,аренда цифрового пианино,candidate,
фортепиано сколько клавиш,Казань,70,association,аренда цифрового пианино,candidate,
электронное фортепиано ямаха,Казань,43,association,аренда цифрового пианино,candidate,
сколько клавиш у фортепиано,Казань,42,association,аренда цифрового пианино,candidate,
песни на синтезаторе по цифрам,Казань,34,association,аренда цифрового пианино,candidate,
succession ноты для фортепиано,Казань,24,association,аренда цифрового пианино,candidate,
фортепиано и рояль в чем разница,Казань,19,association,аренда цифрового пианино,candidate,
электронное фортепиано купить,Казань,15,association,аренда цифрового пианино,candidate,
электро фортепиано,Казань,14,association,аренда цифрового пианино,candidate,
виртуальное фортепиано,Казань,9,association,аренда цифрового пианино,candidate,
фортепиано kawai,Казань,7,association,аренда цифрового пианино,candidate,
электропианино и синтезатор в чем разница,Казань,6,association,аренда цифрового пианино,candidate,
аренда цифрового пианино,Казань,5,result,аренда цифрового пианино,candidate,
rush e ноты для фортепиано,Казань,4,association,аренда цифрового пианино,candidate,
сколько октав на фортепиано,Казань,2,association,аренда цифрового пианино,candidate,
виртуальная клавиатура фортепиано,Казань,1,association,аренда цифрового пианино,candidate,
ноты для фортепиано,Москва,55031,association,аренда пианино | пианино для музыкальной школы,candidate,
фигурное катание контрольные прокаты,Москва,27242,association,аренда аккордеона,candidate,
контрольные прокаты по фигурному катанию,Москва,22658,association,аренда аккордеона,candidate,
фигурное катание контрольные прокаты 2026,Москва,20645,association,аренда контрабаса,candidate,
пианино играть,Москва,10655,association,аренда фортепиано,candidate,
сняла трусики,Москва,10483,association,аренда контрабаса,candidate,
концерт для фортепиано с оркестром,Москва,6964,association,аренда концертного рояля,candidate,
фортепиано слушать,Москва,6653,association,пианино для музыкальной школы | прокат пианино,candidate,
прокат велосипедов,Москва,6350,association,аренда аккордеона,candidate,
ноты на пианино,Москва,6275,association,аренда фортепиано,candidate,
игра на фортепиано,Москва,5908,association,аренда пианино,candidate,
аренда инструмента,Москва,5513,association,прокат аккордеона,candidate,
скрипичный ключ,Москва,4843,association,аренда скрипки,candidate,
рецепты скрипкиной,Москва,4143,association,аренда скрипки,candidate,
фортепиано играть,Москва,3658,association,аренда рояля,candidate,
музыка фортепиано,Москва,3574,association,пианино для музыкальной школы,candidate,
нотр дам де пари мюзикл,Москва,2852,association,аренда синтезатора,candidate,
школа игры на фортепиано,Москва,2735,association,пианино для обучения,candidate,
песни на фортепиано,Москва,2588,association,пианино для музыкальной школы,candidate,
пианино yamaha,Москва,2549,association,прокат синтезатора,candidate,
уроки фортепиано,Москва,2078,association,аренда пианино | пианино для музыкальной школы | пианино для обучения,candidate,
клавиатура фортепиано,Москва,2031,association,прокат пианино,candidate,
баю бай засыпай,Москва,1796,association,прокат баяна,candidate,
как отключить будильник,Москва,1738,association,аренда контрабаса,candidate,
как сыграть на пианино,Москва,1713,association,аренда фортепиано,candidate,
снята ударение,Москва,1658,association,аренда баяна,candidate,
как снять самокат,Москва,1523,association,аренда аккордеона,candidate,
велопрокат,Москва,1509,association,прокат аккордеона,candidate,
фортепианный концерт,Москва,1440,association,аренда концертного рояля,candidate,
репин скрипач,Москва,1278,association,аренда скрипки,candidate,
электронное фортепиано,Москва,1268,association,аренда цифрового пианино | прокат цифрового пианино,candidate,
колыбельная баю баюшки баю,Москва,1209,association,прокат баяна,candidate,
обучение фортепиано,Москва,1157,association,аренда пианино,candidate,
роял бич,Москва,1141,association,аренда рояля,candidate,
как играть на фортепиано,Москва,1078,association,аренда пианино | пианино для обучения,candidate,
аккорды на фортепиано,Москва,1055,association,аренда пианино,candidate,
бременские музыканты сказка,Москва,1054,association,прокат скрипки,candidate,
прокат лодок,Москва,955,association,аренда баяна,candidate,
расписание контрольных прокатов по фигурному катанию,Москва,840,association,аренда аккордеона,candidate,
мелодии на фортепиано,Москва,832,association,пианино для музыкальной школы | пианино для обучения,candidate,
легкие ноты для фортепиано,Москва,769,association,прокат цифрового пианино,candidate,
рахманинов 3 концерт для фортепиано,Москва,668,association,аренда концертного рояля,candidate,
вес пианино,Москва,656,association,аренда фортепиано,candidate,
пианино октава,Москва,631,association,прокат фортепиано,candidate,
звук флейты,Москва,613,association,пианино для музыкальной школы,candidate,
старинный музыкальный инструмент,Москва,588,association,прокат баяна,candidate,
скрип кровати,Москва,577,association,аренда скрипки,candidate,
октавы на фортепиано,Москва,569,association,пианино для музыкальной школы,candidate,
аренда лошади,Москва,567,association,прокат аккордеона,candidate,
гобой музыкальный инструмент,Москва,535,association,прокат скрипки,candidate,
настройка пианино,Москва,523,association,аренда фортепиано,candidate,
аренда компьютера,Москва,512,association,прокат синтезатора,candidate,
вадим репин скрипач биография,Москва,484,association,прокат скрипки,candidate,
роял клиник,Москва,478,association,аренда рояля,candidate,
royal island,Москва,470,association,аренда рояля,candidate,
аренда спортзала,Москва,470,association,прокат аккордеона,candidate,
фортепиано сколько клавиш,Москва,468,association,аренда пианино | аренда синтезатора | аренда цифрового пианино | прокат пианино,candidate,
аренда фуры,Москва,454,association,прокат аккордеона,candidate,
колыбельная баю баюшки баю не,Москва,449,association,прокат баяна,candidate,
стойка для пианино,Москва,444,association,аренда фортепиано,candidate,
фортепиано yamaha,Москва,421,association,пианино для музыкальной школы,candidate,
пианино онлайн играть,Москва,420,association,аренда фортепиано,candidate,
билеты на контрольные прокаты по фигурному катанию,Москва,408,association,аренда контрабаса,candidate,
казиев скрипач,Москва,407,association,прокат скрипки,candidate,
акустическое фортепиано,Москва,395,association,пианино для музыкальной школы,candidate,
рента кар,Москва,389,association,прокат баяна,candidate,
titanic royal,Москва,383,association,аренда рояля,candidate,
музыка на синтезаторе,Москва,373,association,пианино для музыкальной школы,candidate,
самоучитель игры на фортепиано,Москва,366,association,пианино для обучения,candidate,
звук фортепиано,Москва,363,association,пианино для музыкальной школы | пианино для обучения,candidate,
песня баю бай засыпай,Москва,355,association,прокат баяна,candidate,
фортепиано ямаха,Москва,349,association,аренда пианино,candidate,
электронное пианино yamaha,Москва,344,association,прокат синтезатора,candidate,
пианино для обучения,Москва,335,result,пианино для обучения,candidate,
уроки игры на фортепиано,Москва,332,association,пианино для обучения,candidate,
скрипач песня скачать,Москва,331,association,прокат скрипки,candidate,
пианино онлайн на клавиатуре,Москва,324,association,аренда фортепиано | прокат синтезатора,candidate,
пианино для музыкальной школы,Москва,320,result,пианино для музыкальной школы,candidate,
гарри поттер на пианино,Москва,318,association,прокат фортепиано,candidate,
съемник барабанов,Москва,318,association,прокат баяна,candidate,
как снять тормозной барабан,Москва,315,association,аренда баяна,candidate,
хижина музыканта на баяне,Москва,310,association,пианино для музыкальной школы,candidate,
как снять ящик с доводчиком,Москва,301,association,аренда аккордеона,candidate,
цифровое пианино касио,Москва,290,association,аренда синтезатора | прокат синтезатора,candidate,
как снять кассету,Москва,278,association,аренда аккордеона,candidate,
сколько собрал колобок в прокате,Москва,272,association,аренда аккордеона,candidate,
digital piano,Москва,271,association,прокат цифрового пианино,candidate,
royal canin recovery,Москва,270,association,аренда рояля,candidate,
сколько клавиш у фортепиано,Москва,267,association,прокат пианино | прокат цифрового пианино,candidate,
музыкальная школа глинки,Москва,265,association,пианино для обучения,candidate,
local rent,Москва,263,association,аренда контрабаса,candidate,
фортепиано караоке,Москва,254,association,прокат пианино,candidate,
цифровое пианино kawai,Москва,249,association,аренда синтезатора,candidate,
гаммы на пианино,Москва,244,association,аренда фортепиано,candidate,
роял тур,Москва,243,association,аренда концертного рояля,candidate,
бубен музыкальный инструмент,Москва,241,association,прокат скрипки,candidate,
репетитор по фортепиано,Москва,240,association,аренда цифрового пианино | прокат цифрового пианино,candidate,
нотр дам де пари мюзикл на мельникова,Москва,236,association,прокат синтезатора,candidate,
аренда пианино,Москва,235,result,аренда пианино,candidate,
коган скрипач,Москва,235,association,аренда скрипки,candidate,
контрабасист,Москва,228,association,аренда контрабаса,candidate,
жених напрокат смотреть онлайн,Москва,227,association,прокат аккордеона | прокат баяна,candidate,
роял фри,Москва,227,association,аренда рояля,candidate,
электронное фортепиано купить,Москва,226,association,аренда цифрового пианино | прокат цифрового пианино,candidate,
роял для заводчиков,Москва,222,association,аренда рояля,candidate,
zoom прокат,Москва,218,association,аренда баяна,candidate,
что сыграть на пианино,Москва,215,association,аренда фортепиано,candidate,
аренда фортепиано,Москва,214,result,аренда фортепиано,candidate,
аренда музыкального класса,Москва,213,association,прокат цифрового пианино,candidate,
кобяков скрипач,Москва,205,association,аренда скрипки,candidate,
как снять деньги с карты тройка,Москва,198,association,аренда аккордеона,candidate,
скрипач песня gazonra,Москва,192,association,аренда скрипки,candidate,
love story на пианино,Москва,186,association,аренда фортепиано,candidate,
эйнауди ноты для фортепиано,Москва,179,association,пианино для обучения | прокат пианино,candidate,
клавиатура фортепиано для сольфеджио,Москва,173,association,пианино для обучения | прокат пианино,candidate,
классный мюзикл песни,Москва,171,association,прокат синтезатора,candidate,
гитара и фортепиано,Москва,169,association,аренда синтезатора | пианино для музыкальной школы,candidate,
виртуальное фортепиано,Москва,165,association,аренда цифрового пианино | прокат цифрового пианино,candidate,
загадки про музыкальные инструменты,Москва,165,association,прокат скрипки,candidate,
цифровое пианино для музыкальной школы,Москва,165,result,пианино для музыкальной школы,candidate,
скрипачка мэй,Москва,164,association,аренда скрипки,candidate,
пианино ноктюрн,Москва,158,association,аренда фортепиано,candidate,
аренда музыкальных инструментов,Москва,150,association,прокат синтезатора,candidate,
мюзикл шоу нотр дам де пари,Москва,149,association,аренда синтезатора,candidate,
пианино чебурашка,Москва,149,association,прокат фортепиано,candidate,
аренда рояля,Москва,146,result,аренда рояля,candidate,
со скольки лет можно арендовать электросамокат,Москва,146,association,аренда аккордеона,candidate,
виор и скрипач,Москва,145,association,аренда скрипки,candidate,
стул для фортепиано,Москва,145,association,прокат пианино,candidate,
аренда звукового оборудования,Москва,144,association,прокат синтезатора,candidate,
гарри поттер ноты для фортепиано,Москва,143,association,прокат пианино,candidate,
легкие песни на фортепиано,Москва,141,association,аренда пианино | пианино для музыкальной школы,candidate,
парень играет на пианино,Москва,141,association,прокат синтезатора,candidate,
как настроить пианино,Москва,139,association,аренда фортепиано,candidate,
клип скрипач,Москва,139,association,прокат скрипки,candidate,
фортепьяно как пишется,Москва,139,association,аренда пианино,candidate,
мелодии на пианино по цифрам,Москва,134,association,прокат синтезатора,candidate,
роял кейн,Москва,134,association,аренда рояля,candidate,
зеленский играет на пианино,Москва,132,association,прокат фортепиано,candidate,
как научиться играть на фортепиано,Москва,121,association,пианино для обучения,candidate,
электрическое фортепиано,Москва,121,association,прокат цифрового пианино,candidate,
шуман концерт для фортепиано с оркестром,Москва,119,association,аренда концертного рояля,candidate,
рок на пианино,Москва,117,association,прокат синтезатора,candidate,
электронное фортепиано ямаха,Москва,117,association,аренда цифрового пианино | прокат цифрового пианино,candidate,
баю баю за рекой,Москва,116,association,прокат баяна,candidate,
какое пианино для музыкальной школы,Москва,113,result,пианино для музыкальной школы,candidate,
скрипач вечный круг,Москва,111,association,аренда скрипки,candidate,
rental bikes,Москва,108,association,аренда аккордеона,candidate,
расстроенное пианино,Москва,106,association,аренда фортепиано,candidate,
succession ноты для фортепиано,Москва,105,association,аренда цифрового пианино | пианино для музыкальной школы,candidate,
рахманинов концерты для фортепиано с оркестром мацуев,Москва,104,association,аренда концертного рояля,candidate,
игры для обучения пианино,Москва,101,result,пианино для обучения,candidate,
пианино 1993,Москва,100,association,прокат фортепиано,candidate,
как отключить будильник на касио,Москва,99,association,аренда контрабаса,candidate,
фортепиано и рояль в чем разница,Москва,96,association,аренда пианино,candidate,
специальность фортепиано,Москва,95,association,пианино для обучения,candidate,
фортепиано kawai,Москва,88,association,аренда пианино | прокат пианино | прокат цифрового пианино,candidate,
прокат музыкальных инструментов,Москва,85,association,аренда баяна,candidate,
ам прокат,Москва,83,association,аренда аккордеона,candidate,
виола музыкальный инструмент,Москва,83,association,прокат скрипки,candidate,
аренда газонокосилки,Москва,81,association,прокат баяна,candidate,
пианино для музыкальной школы купить,Москва,80,result,пианино для музыкальной школы,candidate,
учат в школе ноты для фортепиано,Москва,80,association,пианино для обучения,candidate,
виртуальная клавиатура фортепиано,Москва,79,association,аренда цифрового пианино | прокат синтезатора | прокат цифрового пианино,candidate,
цифровое пианино для обучения,Москва,79,result,пианино для обучения,candidate,
аренда пианино в москве,Москва,78,result,аренда пианино,candidate,
виртуальный синтезатор,Москва,77,association,аренда цифрового пианино,candidate,
сняла трусики в школе,Москва,77,association,аренда контрабаса,candidate,
песня баяноммай,Москва,76,association,прокат баяна,candidate,
вес фортепиано,Москва,75,association,прокат цифрового пианино,candidate,
скрипач песня слушать онлайн бесплатно,Москва,74,association,аренда скрипки,candidate,
пианино для детей музыкальная школа,Москва,73,result,пианино для музыкальной школы,candidate,
скрипичные инструменты,Москва,72,association,прокат скрипки,candidate,
кардан барабанный,Москва,71,association,прокат баяна,candidate,
сколько октав на фортепиано,Москва,71,association,аренда пианино,candidate,
таблица аккордов на пианино,Москва,70,association,прокат фортепиано,candidate,
скрябин концерт для фортепиано с оркестром,Москва,68,association,аренда концертного рояля,candidate,
аренда фортепиано москва,Москва,67,result,аренда фортепиано,candidate,
какое пианино купить для музыкальной школы,Москва,67,result,пианино для музыкальной школы,candidate,
jalen royal,Москва,66,association,аренда рояля,candidate,
снятый картофельный мундир,Москва,65,association,аренда аккордеона | прокат аккордеона,candidate,
звук скрипа кровати,Москва,64,association,аренда скрипки,candidate,
хижина музыканта гитара и музыка,Москва,64,association,пианино для музыкальной школы,candidate,
нотный стан с нотами для фортепиано,Москва,63,association,пианино для музыкальной школы,candidate,
в оркестре играет гитара и скрипка,Москва,62,association,аренда контрабаса,candidate,
виртуальное пианино играть,Москва,62,association,аренда синтезатора,candidate,
город которого нет ноты для фортепиано,Москва,61,association,аренда цифрового пианино,candidate,
красивая музыка на фортепиано,Москва,61,association,пианино для музыкальной школы | пианино для обучения,candidate,
электропианино ямаха,Москва,59,association,прокат пианино | прокат цифрового пианино,candidate,
royal arms,Москва,58,association,аренда рояля,candidate,
аренда синтезатора,Москва,58,result,аренда синтезатора,candidate,
какое пианино купить ребенку для музыкальной школы,Москва,58,result,пианино для музыкальной школы,candidate,
буги вуги на фортепиано,Москва,57,association,аренда пианино | аренда цифрового пианино | пианино для обучения,candidate,
электронное пианино для музыкальной школы,Москва,56,result,пианино для музыкальной школы,candidate,
пианино прелюдия,Москва,55,association,аренда концертного рояля,candidate,
лучшее пианино для музыкальной школы,Москва,54,result,пианино для музыкальной школы,candidate,
выносной регулятор баса для сабвуфера,Москва,53,association,аренда контрабаса,candidate,
замена процессора на компьютере,Москва,53,association,аренда синтезатора,candidate,
наплечный синтезатор,Москва,51,association,прокат цифрового пианино,candidate,
цифровое пианино для музыкальной школы купить,Москва,51,result,пианино для музыкальной школы,candidate,
аренда аккордеона,Москва,50,result,аренда аккордеона,candidate,
аренда рояля в москве,Москва,50,result,аренда рояля,candidate,
аренда баяна,Москва,49,result,аренда баяна,candidate,
ноты по цифрам для пианино,Москва,49,association,прокат синтезатора,candidate,
обучение на пианино для начинающих,Москва,49,result,пианино для обучения,candidate,
какое цифровое пианино для музыкальной школы купить,Москва,48,result,пианино для музыкальной школы,candidate,
как снять кассету с заднего колеса,Москва,47,association,прокат аккордеона,candidate,
синтезатор пианино для обучения,Москва,46,result,пианино для обучения,candidate,
цифровое пианино для музыкальной школы для ребенка,Москва,46,result,пианино для музыкальной школы,candidate,
купить пианино для обучения,Москва,45,result,пианино для обучения,candidate,
пианино для обучения в музыкальной школе,Москва,45,result,пианино для музыкальной школы | пианино для обучения,candidate,
nulls clash royale,Москва,43,association,аренда рояля,candidate,
легкие песенки на пианино,Москва,43,association,прокат фортепиано,candidate,
пианино сюита,Москва,43,association,аренда фортепиано | прокат фортепиано,candidate,
боян инструмент,Москва,42,association,прокат баяна,candidate,
мурка на фортепиано,Москва,42,association,аренда пианино,candidate,
скрип на мм2,Москва,42,association,аренда скрипки,candidate,
nulls royal,Москва,41,association,аренда рояля,candidate,
аренда зала с роялем,Москва,40,result,аренда рояля,candidate,
кларнет деревянный духовой музыкальный инструмент,Москва,40,association,прокат скрипки,candidate,
шарманка музыкальный инструмент,Москва,38,association,прокат скрипки,candidate,
лучшее пианино для обучения,Москва,37,result,пианино для обучения,candidate,
музыка для сна фортепиано,Москва,37,association,прокат пианино,candidate,
цифровое пианино casio cdp s100,Москва,37,association,прокат синтезатора,candidate,
как снять звенья с часов casio,Москва,36,association,прокат синтезатора,candidate,
пианино на пк,Москва,35,association,прокат синтезатора,candidate,
скрипач минус,Москва,35,association,аренда скрипки,candidate,
цифровое пианино в аренду,Москва,35,result,аренда пианино | аренда цифрового пианино,candidate,
аренда класса с фортепиано,Москва,34,result,аренда фортепиано,candidate,
какое лучше пианино для музыкальной школы,Москва,32,result,пианино для музыкальной школы,candidate,
аренда аккордеона в москве,Москва,31,result,аренда аккордеона,candidate,
баю бай картошка,Москва,31,association,прокат баяна,candidate,
как снять задний барабан на ниве,Москва,31,association,аренда баяна,candidate,
сэмпл пианино,Москва,31,association,аренда синтезатора,candidate,
лучшие цифровые пианино для музыкальной школы,Москва,30,result,пианино для музыкальной школы,candidate,
сколько стоит настроить пианино,Москва,30,association,аренда фортепиано,candidate,
цифровое пианино для обучения в музыкальной,Москва,29,result,пианино для обучения,candidate,
где снимали фильм мимино,Москва,28,association,аренда баяна,candidate,
как снять заднюю кассету на велосипеде,Москва,28,association,прокат аккордеона,candidate,
приложения для обучения пианино,Москва,28,result,пианино для обучения,candidate,
синтезатор casio ct x700,Москва,28,association,прокат цифрового пианино,candidate,
инструмент в скрипичном квартете,Москва,27,association,аренда скрипки,candidate,
earth song ноты для фортепиано,Москва,26,association,аренда пианино,candidate,
титаник на фортепиано,Москва,26,association,прокат пианино,candidate,
как снять ящик с металлических выездных,Москва,25,association,прокат аккордеона,candidate,
обучение пианино для взрослых,Москва,25,result,пианино для обучения,candidate,
цифровое пианино для обучения в музыкальной школе,Москва,25,result,пианино для музыкальной школы | пианино для обучения,candidate,
аренда цифрового пианино в москве,Москва,24,result,аренда пианино | аренда цифрового пианино,candidate,
обучение игры на пианино для начинающих,Москва,24,result,пианино для обучения,candidate,
скрипт на пианино,Москва,23,association,прокат фортепиано,candidate,
korg pa600,Москва,21,association,аренда синтезатора | прокат синтезатора,candidate,
аренда синтезатора москва,Москва,21,result,аренда синтезатора,candidate,
музыкальная школа пианино для начинающих,Москва,21,result,пианино для музыкальной школы,candidate,
выбираем цифровое пианино для музыкальной школы,Москва,20,result,пианино для музыкальной школы,candidate,
как снять ящик с металлических выездных полозьев,Москва,20,association,прокат аккордеона,candidate,
обучение на пианино для детей,Москва,20,result,пианино для обучения,candidate,
приложение для обучения игры на пианино,Москва,20,result,пианино для обучения,candidate,
снял т bassboosted,Москва,20,association,аренда контрабаса,candidate,
лучшие цифровые пианино для обучения,Москва,19,result,пианино для обучения,candidate,
пианино для музыкальной школы рейтинг,Москва,19,result,пианино для музыкальной школы,candidate,
прокат пианино,Москва,19,result,прокат пианино,candidate,
сколько клавиш на фортепиано классическом,Москва,19,association,аренда пианино,candidate,
как снять задний барабан на ларгусе,Москва,18,association,прокат аккордеона,candidate,
музыкальная школа пианино для взрослых,Москва,18,result,пианино для музыкальной школы,candidate,
прокат баяна,Москва,18,result,прокат баяна,candidate,
аренда помещения с фортепиано,Москва,17,result,аренда фортепиано,candidate,
как выбрать пианино для музыкальной школы,Москва,17,result,пианино для музыкальной школы,candidate,
программа для обучения пианино,Москва,17,result,пианино для обучения,candidate,
скрипка в аренду,Москва,17,result,аренда скрипки,candidate,
баян в аренду юпитер 2 д,Москва,16,result,аренда баяна,candidate,
какие электронные пианино для музыкальных школ,Москва,16,result,пианино для музыкальной школы,candidate,
какое пианино выбрать для обучения,Москва,16,result,пианино для обучения,candidate,
электронное пианино для обучения,Москва,16,result,пианино для обучения,candidate,
это школа соломона пляра ноты для фортепиано,Москва,16,association,аренда цифрового пианино,candidate,
аренда зала фортепиано,Москва,15,result,аренда фортепиано,candidate,
как изменить звук будильника на самсунг,Москва,15,association,аренда контрабаса,candidate,
обратный молоток для снятия подшипников,Москва,15,association,аренда баяна,candidate,
обучение игры на пианино для детей,Москва,15,result,пианино для обучения,candidate,
электронное пианино для музыкальной школы купить,Москва,15,result,пианино для музыкальной школы,candidate,
royal kludge rk100,Москва,14,association,аренда рояля,candidate,
аренда класса с пианино,Москва,14,result,аренда пианино,candidate,
арендовать аккаунт валорант,Москва,14,association,прокат аккордеона,candidate,
какое пианино выбрать для музыкальной школы,Москва,14,result,пианино для музыкальной школы,candidate,
металлика на пианино,Москва,14,association,прокат фортепиано,candidate,
обучение игре на пианино для взрослых,Москва,14,result,пианино для обучения,candidate,
обучение на пианино для начинающих взрослых,Москва,14,result,пианино для обучения,candidate,
программа для обучения игре на пианино,Москва,14,result,пианино для обучения,candidate,
прокат аккордеона,Москва,14,result,прокат аккордеона,candidate,
аренда зала с роялем москва,Москва,13,result,аренда рояля,candidate,
аренда студии с фортепиано,Москва,13,result,аренда фортепиано,candidate,
какое пианино купить для обучения,Москва,13,result,пианино для обучения,candidate,
рейтинг цифровых пианино для музыкальной школы,Москва,13,result,пианино для музыкальной школы,candidate,
royal kludge rk61,Москва,12,association,аренда рояля,candidate,
аренда класса с роялем,Москва,12,result,аренда рояля,candidate,
макан афиша концертов 2026,Москва,12,association,аренда концертного рояля,candidate,
ноты для пианино обучение,Москва,12,result,пианино для обучения,candidate,
обучение игры на пианино для начинающих взрослых,Москва,12,result,пианино для обучения,candidate,
прокат фортепиано,Москва,12,result,прокат фортепиано,candidate,
аренда контрабаса,Москва,11,result,аренда контрабаса,candidate,
пианизатор,Москва,11,association,аренда пианино,candidate,
прокат подката,Москва,11,association,аренда баяна,candidate,
рейтинг цифровое пианино для обучения,Москва,11,result,пианино для обучения,candidate,
хорошее электронное пианино для музыкальной школы,Москва,11,result,пианино для музыкальной школы,candidate,
электронное пианино для музыкальной школы какой купить,Москва,11,result,пианино для музыкальной школы,candidate,
залы с роялем в аренду,Москва,10,result,аренда рояля,candidate,
какое цифровое пианино выбрать для обучения,Москва,10,result,пианино для обучения,candidate,
пианино какое лучше выбрать для обучения,Москва,10,result,пианино для обучения,candidate,
электронное пианино в аренду,Москва,10,result,аренда пианино,candidate,
аренда баяна в москве,Москва,9,result,аренда баяна,candidate,
аренда зала пианино,Москва,9,result,аренда пианино,candidate,
аренда роялей стейнвей в москве,Москва,9,result,аренда рояля,candidate,
пианино с подсветкой клавиш для обучения,Москва,9,result,пианино для обучения,candidate,
аренда электронного фортепиано,Москва,8,result,аренда фортепиано,candidate,
архив пианистки ноты для фортепиано для дмш,Москва,8,association,прокат пианино,candidate,
баю баю лялиля видео,Москва,8,association,прокат баяна,candidate,
как выбрать пианино для обучения,Москва,8,result,пианино для обучения,candidate,
как выбрать цифровое пианино для обучения,Москва,8,result,пианино для обучения,candidate,
какое цифровое пианино выбрать для музыкальной школы,Москва,8,result,пианино для музыкальной школы,candidate,
ноты для фортепиано и синтезатора,Москва,8,association,аренда цифрового пианино | прокат цифрового пианино,candidate,
пианино для занятий в музыкальной школе,Москва,8,result,пианино для музыкальной школы,candidate,
пианино для учебы в музыкальной школе,Москва,8,result,пианино для музыкальной школы,candidate,
собачий вальс на пианино по цифрам,Москва,8,association,прокат фортепиано,candidate,
танцзал аренда,Москва,8,association,прокат аккордеона,candidate,
хорошее цифровое пианино для ребенка музыкальной школы,Москва,8,result,пианино для музыкальной школы,candidate,
аренда кабинета с фортепиано,Москва,7,result,аренда фортепиано,candidate,
аренда класса фортепиано москва,Москва,7,result,аренда фортепиано,candidate,
возьму пианино в аренду,Москва,7,result,аренда пианино,candidate,
каверы на гитаре и пианино,Москва,7,association,прокат скрипки,candidate,
пианино для детей обучение купить,Москва,7,result,пианино для обучения,candidate,
симулятор пианино на клавиатуре,Москва,7,association,прокат синтезатора | прокат фортепиано,candidate,
студия с фортепиано москва аренда,Москва,7,result,аренда фортепиано,candidate,
аренда пианино тюмень,Москва,6,result,аренда пианино,candidate,
аренда электронного пианино в москве,Москва,6,result,аренда пианино,candidate,
обучение на пианино для начинающих с нуля,Москва,6,result,пианино для обучения,candidate,
пианино синтезатор для музыкальной школы,Москва,6,result,пианино для музыкальной школы,candidate,
рейтинг электронных пианино для музыкальной школы,Москва,6,result,пианино для музыкальной школы,candidate,
аренда скрипки москва,Москва,5,result,аренда скрипки,candidate,
аренда фортепиано ру,Москва,5,result,аренда фортепиано,candidate,
как снять стартер на рено логан 1,Москва,5,association,аренда баяна,candidate,
песни для обучения на пианино,Москва,5,result,пианино для обучения,candidate,
фортепиано длительная аренда москва,Москва,5,result,аренда фортепиано,candidate,
аренда концертного рояля,Москва,4,result,аренда концертного рояля | аренда рояля,candidate,
как снять задний диван на хавал м6,Москва,4,association,аренда аккордеона,candidate,
прокат синтезатора,Москва,4,result,прокат синтезатора,candidate,
прокат скрипки,Москва,4,result,прокат скрипки,candidate,
midi для обучения игры на пианино,Москва,3,result,пианино для обучения,candidate,
аренда зала с пианино москва,Москва,3,result,аренда пианино,candidate,
баю бай прокат,Москва,3,result,прокат баяна,candidate,
какое цифровое пианино купить для обучения,Москва,3,result,пианино для обучения,candidate,
пианино обучение для детей с нуля,Москва,3,result,пианино для обучения,candidate,
программы для обучения игры на пианино midi,Москва,3,result,пианино для обучения,candidate,
сцена с роялем аренда,Москва,3,result,аренда рояля,candidate,
аренда класса с фортепиано спб,Москва,2,result,аренда фортепиано,candidate,
аренда фортепиано спб,Москва,2,result,аренда фортепиано,candidate,
взять в аренду синтезатор,Москва,2,result,аренда синтезатора,candidate,
как сделать съемник для подшипников,Москва,2,association,аренда баяна,candidate,
пианино купить лучшее для обучения,Москва,2,result,пианино для обучения,candidate,
синтезатор для обучения игры на пианино,Москва,2,result,пианино для обучения,candidate,
цифровое пианино или акустическое для обучения ребенка,Москва,2,result,пианино для обучения,candidate,
электронное пианино для музыкальной школы купить воронеж,Москва,2,result,пианино для музыкальной школы,candidate,
musicca piano,Москва,1,association,пианино для обучения,candidate,
аренда пианино спб,Москва,1,result,аренда пианино,candidate,
игра на пианино для начинающих обучение бесплатно,Москва,1,result,пианино для обучения,candidate,
как снять барабан с бетономешалки,Москва,1,association,аренда аккордеона,candidate,
лучшие цифровые пианино для обучения детей,Москва,1,result,пианино для обучения,candidate,
обучение пианино с нуля для взрослых,Москва,1,result,пианино для обучения,candidate,
прокат цифрового пианино,Москва,1,result,прокат пианино | прокат цифрового пианино,candidate,
сценарий бременские музыканты мюзикл для детей спектакль,Москва,1,association,аренда синтезатора,candidate,
