query,city,frequency,entity,cluster,scenes,source_seeds,status,notes
фортепиано для школы,Москва,732,фортепиано,клавишные,school,фортепиано для школы,candidate,
гитара для обучения,Москва,516,гитара,струнные,learning,гитара для обучения,candidate,
пианино для школы,Москва,387,пианино,клавишные,school,пианино для школы,candidate,
фортепиано для обучения,Москва,363,фортепиано,клавишные,learning,фортепиано для обучения,candidate,
пианино для обучения,Москва,343,пианино,клавишные,learning,пианино для обучения,candidate,
пианино для музыкальной школы,Москва,335,пианино,клавишные,school,пианино для музыкальной школы | пианино для школы,candidate,
фортепиано для музыкальной школы,Москва,293,фортепиано,клавишные,school,фортепиано для музыкальной школы | фортепиано для школы,candidate,
ноты для фортепиано школа,Москва,277,фортепиано,клавишные,school,фортепиано для школы,candidate,
гитара для обучения игре,Москва,252,гитара,струнные,learning,гитара для обучения,candidate,
синтезатор для обучения,Москва,193,синтезатор,клавишные,learning,синтезатор для обучения,candidate,
обучение игры для фортепиано,Москва,171,фортепиано,клавишные,learning,фортепиано для обучения,candidate,
цифровое пианино для школ,Москва,162,пианино | цифровое пианино,клавишные,school,пианино для школы | цифровое пианино для школы,candidate,
цифровое пианино для музыкальной школы,Москва,161,пианино | цифровое пианино,клавишные,school,пианино для музыкальной школы | пианино для школы | цифровое пианино для музыкальной школы | цифровое пианино для школы,candidate,
какое пианино для музыкальной школы,Москва,115,пианино,клавишные,school,пианино для музыкальной школы | пианино для школы,candidate,
школа фортепиано для взрослых,Москва,105,фортепиано,клавишные,school,фортепиано для школы,candidate,
пианино для школы купить,Москва,104,пианино,клавишные,school,пианино для школы,candidate,
обучение фортепиано для детей,Москва,103,фортепиано,клавишные,learning,фортепиано для обучения,candidate,
игры для обучения пианино,Москва,99,пианино,клавишные,learning,пианино для обучения,candidate,
скрипка для музыкальной школы,Москва,99,скрипка,смычковые,school,скрипка для музыкальной школы | скрипка для школы,candidate,
школа для фортепиано николаев,Москва,99,фортепиано,клавишные,school,фортепиано для школы,candidate,
школа игры для фортепиано,Москва,82,фортепиано,клавишные,school,фортепиано для школы,candidate,
учат в школе для фортепиано,Москва,80,фортепиано,клавишные,school,фортепиано для школы,candidate,
учат в школе ноты для фортепиано,Москва,80,фортепиано,клавишные,school,фортепиано для школы,candidate,
пианино для музыкальной школы купить,Москва,79,пианино,клавишные,school,пианино для музыкальной школы | пианино для школы,candidate,
обучение фортепиано для взрослого,Москва,74,фортепиано,клавишные,learning,фортепиано для обучения,candidate,
цифровое пианино для обучения,Москва,74,пианино | цифровое пианино,клавишные,learning,пианино для обучения | цифровое пианино для обучения,candidate,
пианино для ребенка для музыкальной школы,Москва,73,пианино,клавишные,school,пианино для музыкальной школы | пианино для школы,candidate,
школа пианино для детей,Москва,73,пианино,клавишные,school,пианино для школы,candidate,
ноты для фортепиано школа николаева,Москва,68,фортепиано,клавишные,school,фортепиано для школы,candidate,
какое пианино купить для музыкальной школы,Москва,67,пианино,клавишные,school,пианино для музыкальной школы | пианино для школы,candidate,
электронное пианино для музыкальной школы,Москва,61,пианино,клавишные,school,пианино для музыкальной школы | пианино для школы,candidate,
скрипка для обучения,Москва,60,скрипка,смычковые,learning,скрипка для обучения,candidate,
какое пианино купить ребенку для музыкальной школы,Москва,58,пианино,клавишные,school,пианино для музыкальной школы | пианино для школы,candidate,
пианино для обучения в музыкальной школе,Москва,57,пианино,клавишные,learning | school,пианино для музыкальной школы | пианино для обучения | пианино для школы,candidate,
лучшее пианино для музыкальной школы,Москва,56,пианино,клавишные,school,пианино для музыкальной школы | пианино для школы,candidate,
школа фортепиано для детей,Москва,56,фортепиано,клавишные,school,фортепиано для школы,candidate,
гитара для взрослых обучение,Москва,55,гитара,струнные,learning,гитара для обучения,candidate,
музыкальная школа для взрослых фортепиано,Москва,52,фортепиано,клавишные,school,фортепиано для музыкальной школы | фортепиано для школы,candidate,
обучение на пианино для начинающих,Москва,51,пианино,клавишные,learning,пианино для обучения,candidate,
синтезатор пианино для обучения,Москва,49,пианино | синтезатор,клавишные,learning,пианино для обучения | синтезатор для обучения,candidate,
цифровое пианино для музыкальной школы купить,Москва,47,пианино | цифровое пианино,клавишные,school,пианино для музыкальной школы | пианино для школы | цифровое пианино для музыкальной школы | цифровое пианино для школы,candidate,
цифровое пианино для школы купить,Москва,47,пианино | цифровое пианино,клавишные,school,пианино для школы | цифровое пианино для школы,candidate,
купить пианино для обучения,Москва,45,пианино,клавишные,learning,пианино для обучения,candidate,
музыкальная школа для детей фортепиано,Москва,45,фортепиано,клавишные,school,фортепиано для музыкальной школы | фортепиано для школы,candidate,
цифровое пианино для музыкальной школы для ребенка,Москва,45,пианино | цифровое пианино,клавишные,school,пианино для музыкальной школы | пианино для школы | цифровое пианино для музыкальной школы | цифровое пианино для школы,candidate,
какое цифровое пианино купить для музыкальной школы,Москва,44,пианино | цифровое пианино,клавишные,school,пианино для музыкальной школы | пианино для школы | цифровое пианино для музыкальной школы | цифровое пианино для школы,candidate,
школа игры николаева для фортепиано,Москва,41,фортепиано,клавишные,school,фортепиано для школы,candidate,
скачать школу для фортепиано,Москва,40,фортепиано,клавишные,school,фортепиано для школы,candidate,
купить синтезатор для обучения,Москва,39,синтезатор,клавишные,learning,синтезатор для обучения,candidate,
лучшее пианино для обучения,Москва,39,пианино,клавишные,learning,пианино для обучения,candidate,
обучение игре на фортепиано для детей,Москва,35,фортепиано,клавишные,learning,фортепиано для обучения,candidate,
обучение на фортепиано для начинающих,Москва,35,фортепиано,клавишные,learning,фортепиано для обучения,candidate,
синтезатор для обучения игре,Москва,34,синтезатор,клавишные,learning,синтезатор для обучения,candidate,
баян для обучения,Москва,33,баян,клавишные,learning,баян для обучения,candidate,
ноты для фортепиано музыкальная школа,Москва,33,фортепиано,клавишные,school,фортепиано для музыкальной школы | фортепиано для школы,candidate,
какое лучше пианино для музыкальной школы,Москва,32,пианино,клавишные,school,пианино для музыкальной школы | пианино для школы,candidate,
школа фортепиано для начинающих,Москва,32,фортепиано,клавишные,school,фортепиано для школы,candidate,
лучшие цифровые пианино для музыкальной школы,Москва,31,пианино,клавишные,school,пианино для музыкальной школы | пианино для школы,candidate,
приложение для обучения пианино,Москва,31,пианино,клавишные,learning,пианино для обучения,candidate,
школа беглости для фортепиано,Москва,31,фортепиано,клавишные,school,фортепиано для школы,candidate,
флейта для обучения,Москва,30,флейта,духовые,learning,флейта для обучения,candidate,
цифровое пианино для обучения в музыкальной,Москва,30,пианино | цифровое пианино,клавишные,learning,пианино для обучения | цифровое пианино для обучения,candidate,
обучение пианино для взрослых,Москва,27,пианино,клавишные,learning,пианино для обучения,candidate,
черни школа беглости для фортепиано,Москва,27,фортепиано,клавишные,school,фортепиано для школы,candidate,
для 1 класса музыкальной школе фортепиано,Москва,26,фортепиано,клавишные,school,фортепиано для музыкальной школы | фортепиано для школы,candidate,
обучение игре на фортепиано для взрослых,Москва,26,фортепиано,клавишные,learning,фортепиано для обучения,candidate,
цифровое пианино для обучения в музыкальной школе,Москва,26,пианино | цифровое пианино,клавишные,learning | school,пианино для музыкальной школы | пианино для обучения | пианино для школы | цифровое пианино для музыкальной школы | цифровое пианино для обучения | цифровое пианино для школы,candidate,
приложение для обучения игры на пианино,Москва,24,пианино,клавишные,learning,пианино для обучения,candidate,
выбрать синтезатор для обучения,Москва,23,синтезатор,клавишные,learning,синтезатор для обучения,candidate,
гитара для обучения купить,Москва,23,гитара,струнные,learning,гитара для обучения,candidate,
какое пианино выбрать для музыкальной школы,Москва,23,пианино,клавишные,school,пианино для музыкальной школы | пианино для школы,candidate,
синтезатор для начинающих обучение,Москва,23,синтезатор,клавишные,learning,синтезатор для обучения,candidate,
какое пианино выбрать для обучения,Москва,22,пианино,клавишные,learning | learning-choice,какое пианино выбрать для обучения | пианино для обучения,candidate,
школа пианино для взрослых,Москва,22,пианино,клавишные,school,пианино для школы,candidate,
выбрать цифровое пианино для музыкальной школы,Москва,21,пианино | цифровое пианино,клавишные,school,пианино для музыкальной школы | пианино для школы | цифровое пианино для музыкальной школы | цифровое пианино для школы,candidate,
лучшая гитара для обучения,Москва,21,гитара,струнные,learning,гитара для обучения,candidate,
музыкальная школа пианино для начинающих,Москва,21,пианино,клавишные,school,пианино для музыкальной школы | пианино для школы,candidate,
обучение на пианино для детей,Москва,21,пианино,клавишные,learning,пианино для обучения,candidate,
скачать бесплатно школа для фортепиано,Москва,21,фортепиано,клавишные,school,фортепиано для школы,candidate,
лучшие цифровые пианино для обучения,Москва,20,пианино,клавишные,learning,пианино для обучения,candidate,
пособие для обучения игры на фортепиано,Москва,20,фортепиано,клавишные,learning,фортепиано для обучения,candidate,
пособия для обучения на фортепиано,Москва,20,фортепиано,клавишные,learning,фортепиано для обучения,candidate,
программа для обучения фортепиано,Москва,20,фортепиано,клавишные,learning,фортепиано для обучения,candidate,
школа скрипка для взрослых,Москва,20,скрипка,смычковые,school,скрипка для школы,candidate,
как выбрать пианино для музыкальной школы,Москва,19,пианино,клавишные,school,пианино для музыкальной школы | пианино для школы,candidate,
какой выбрать синтезатор для обучения,Москва,19,синтезатор,клавишные,learning | learning-choice,какое синтезатор выбрать для обучения | синтезатор для обучения,candidate,
музыкальная школа пианино для взрослых,Москва,19,пианино,клавишные,school,пианино для музыкальной школы | пианино для школы,candidate,
обучение игры на пианино для начинающих,Москва,19,пианино,клавишные,learning,пианино для обучения,candidate,
ноты песни учат в школе для фортепиано,Москва,18,фортепиано,клавишные,school,фортепиано для школы,candidate,
пианино для музыкальной школы рейтинг,Москва,18,пианино,клавишные,school,пианино для музыкальной школы | пианино для школы,candidate,
приложения для фортепиано обучение,Москва,18,фортепиано,клавишные,learning,фортепиано для обучения,candidate,
программа для обучения пианино,Москва,18,пианино,клавишные,learning,пианино для обучения,candidate,
синтезатор для обучения с подсветкой,Москва,18,синтезатор,клавишные,learning,синтезатор для обучения,candidate,
синтезатор с подсветкой клавиш для обучения,Москва,18,синтезатор,клавишные,learning,синтезатор для обучения,candidate,
электронное пианино для музыкальной школы купить,Москва,18,пианино,клавишные,school,пианино для музыкальной школы | пианино для школы,candidate,
какие электронные пианино для музыкальных школ,Москва,17,пианино,клавишные,school,пианино для музыкальной школы | пианино для школы,candidate,
какое фортепиано купить для музыкальной школы,Москва,17,фортепиано,клавишные,school,фортепиано для музыкальной школы | фортепиано для школы,candidate,
обучения для новичков гитара,Москва,17,гитара,струнные,learning,гитара для обучения,candidate,
прокат пианино,Москва,17,пианино,клавишные,prokat,прокат пианино,candidate,
синтезатор для обучения в музыкальной,Москва,17,синтезатор,клавишные,learning,синтезатор для обучения,candidate,
синтезатор для обучения в музыкальной школе,Москва,17,синтезатор,клавишные,learning,синтезатор для обучения,candidate,
фортепиано для музыкальной школы купить,Москва,17,фортепиано,клавишные,school,фортепиано для музыкальной школы | фортепиано для школы,candidate,
черни школа беглости ноты для фортепиано,Москва,17,фортепиано,клавишные,school,фортепиано для школы,candidate,
электронное пианино для обучения,Москва,17,пианино,клавишные,learning,пианино для обучения,candidate,
электронное фортепиано для музыкальной школы,Москва,17,фортепиано,клавишные,school,фортепиано для музыкальной школы | фортепиано для школы,candidate,
музыкальная школа для взрослых скрипка,Москва,16,скрипка,смычковые,school,скрипка для музыкальной школы | скрипка для школы,candidate,
ноты для фортепиано обучение,Москва,16,фортепиано,клавишные,learning,фортепиано для обучения,candidate,
обучение игры на пианино для детей,Москва,16,пианино,клавишные,learning,пианино для обучения,candidate,
обучение на пианино для начинающих взрослых,Москва,16,пианино,клавишные,learning,пианино для обучения,candidate,
приложение для обучения игре на фортепиано,Москва,16,фортепиано,клавишные,learning,фортепиано для обучения,candidate,
синтезатор с подсветкой клавиш для обучения какой,Москва,16,синтезатор,клавишные,learning,синтезатор для обучения,candidate,
это школа соломона пляра ноты для фортепиано,Москва,16,фортепиано,клавишные,school,фортепиано для школы,candidate,
акустическая гитара для обучения,Москва,15,гитара,струнные,learning,гитара для обучения,candidate,
ноты для фортепиано 1 класс музыкальной школы,Москва,15,фортепиано,клавишные,school,фортепиано для музыкальной школы | фортепиано для школы,candidate,
произведения для музыкальной школы фортепиано,Москва,15,фортепиано,клавишные,school,фортепиано для музыкальной школы | фортепиано для школы,candidate,
школа игры для фортепиано ноты,Москва,15,фортепиано,клавишные,school,фортепиано для школы,candidate,
школа фортепиано в москве для взрослых,Москва,15,фортепиано,клавишные,school,фортепиано для школы,candidate,
баян обучение для начинающих,Москва,14,баян,клавишные,learning,баян для обучения,candidate,
обучение игре на фортепиано для начинающих,Москва,14,фортепиано,клавишные,learning,фортепиано для обучения,candidate,
программа для обучения игры на пианино,Москва,14,пианино,клавишные,learning,пианино для обучения,candidate,
какая скрипка для музыкальной школы,Москва,13,скрипка,смычковые,school,скрипка для музыкальной школы | скрипка для школы,candidate,
какое пианино купить для обучения,Москва,13,пианино,клавишные,learning,пианино для обучения,candidate,
музыкальная школа для взрослых фортепиано москва,Москва,13,фортепиано,клавишные,school,фортепиано для музыкальной школы | фортепиано для школы,candidate,
ноты для обучения игры на фортепиано,Москва,13,фортепиано,клавишные,learning,фортепиано для обучения,candidate,
флейта для детей обучение,Москва,13,флейта,духовые,learning,флейта для обучения,candidate,
фортепиано для обучения в музыкальной,Москва,13,фортепиано,клавишные,learning,фортепиано для обучения,candidate,
школа игры для фортепиано учебник,Москва,13,фортепиано,клавишные,school,фортепиано для школы,candidate,
электронное пианино для музыкальной школы какой купить,Москва,13,пианино,клавишные,school,пианино для музыкальной школы | пианино для школы,candidate,
какая гитара лучше для обучения,Москва,12,гитара,струнные,learning,гитара для обучения,candidate,
обучение на фортепиано для начинающих взрослых,Москва,12,фортепиано,клавишные,learning,фортепиано для обучения,candidate,
рейтинг цифровых пианино для музыкальной школы,Москва,12,пианино,клавишные,school,пианино для музыкальной школы | пианино для школы,candidate,
труба для обучения,Москва,12,труба,духовые,learning,труба для обучения,candidate,
фортепиано для занятий в музыкальной школе,Москва,12,фортепиано,клавишные,school,фортепиано для музыкальной школы | фортепиано для школы,candidate,
школа игры николаева для фортепиано ноты,Москва,12,фортепиано,клавишные,school,фортепиано для школы,candidate,
какое цифровое пианино выбрать для музыкальной школы,Москва,11,пианино | цифровое пианино,клавишные,school,пианино для музыкальной школы | пианино для школы | цифровое пианино для музыкальной школы | цифровое пианино для школы,candidate,
лучшие электронные пианино для музыкальной школы,Москва,11,пианино,клавишные,school,пианино для музыкальной школы | пианино для школы,candidate,
прокат фортепиано,Москва,11,фортепиано,клавишные,prokat,прокат фортепиано,candidate,
фортепиано для взрослых обучение москва,Москва,11,фортепиано,клавишные,learning,фортепиано для обучения,candidate,
цифровое фортепиано для обучения,Москва,11,фортепиано,клавишные,learning,фортепиано для обучения,candidate,
школа игры на фортепиано для взрослых,Москва,11,фортепиано,клавишные,school,фортепиано для школы,candidate,
школа николаева ноты для фортепиано скачать бесплатно,Москва,11,фортепиано,клавишные,school,фортепиано для школы,candidate,
альт образование для школ,Москва,10,альт,смычковые,school,альт для школы,candidate,
бас гитара для обучения,Москва,10,гитара,струнные,learning,гитара для обучения,candidate,
какой цифровое пианино выбрать для обучения,Москва,10,пианино | цифровое пианино,клавишные,learning | learning-choice,какое пианино выбрать для обучения | какое цифровое пианино выбрать для обучения | пианино для обучения | цифровое пианино для обучения,candidate,
пианино какое лучше выбрать для обучения,Москва,10,пианино,клавишные,learning | learning-choice,какое пианино выбрать для обучения | пианино для обучения,candidate,
синтезатор цифровой для обучения,Москва,10,синтезатор,клавишные,learning,синтезатор для обучения,candidate,
цифровое фортепиано для музыкальной школы,Москва,10,фортепиано,клавишные,school,фортепиано для музыкальной школы | фортепиано для школы,candidate,
альт образование бесплатно для школ,Москва,9,альт,смычковые,school,альт для школы,candidate,
гитара для обучения в музыкальной школе,Москва,9,гитара,струнные,learning,гитара для обучения,candidate,
детская гитара для обучения,Москва,9,гитара,струнные,learning,гитара для обучения,candidate,
ноты для пианино обучение,Москва,9,пианино,клавишные,learning,пианино для обучения,candidate,
пианино акустическое для школы,Москва,9,пианино,клавишные,school,пианино для школы,candidate,
пианино с подсветкой клавиш для обучения,Москва,9,пианино,клавишные,learning,пианино для обучения,candidate,
программа для обучения игре на фортепиано,Москва,9,фортепиано,клавишные,learning,фортепиано для обучения,candidate,
саксофон для обучения,Москва,9,саксофон,духовые,learning,саксофон для обучения,candidate,
учебники для музыкальной школы фортепиано,Москва,9,фортепиано,клавишные,school,фортепиано для музыкальной школы | фортепиано для школы,candidate,
фортепиано для обучения в музыкальной школе,Москва,9,фортепиано,клавишные,learning | school,фортепиано для музыкальной школы | фортепиано для обучения | фортепиано для школы,candidate,
школа фортепиано для начинающих взрослых,Москва,9,фортепиано,клавишные,school,фортепиано для школы,candidate,
гитара для обучения онлайн,Москва,8,гитара,струнные,learning,гитара для обучения,candidate,
гитара на прокат,Москва,8,гитара,струнные,prokat,прокат гитара,candidate,
как выбрать пианино для обучения,Москва,8,пианино,клавишные,learning,пианино для обучения,candidate,
как выбрать цифровое пианино для обучения,Москва,8,пианино | цифровое пианино,клавишные,learning,пианино для обучения | цифровое пианино для обучения,candidate,
пианино для учебы в музыкальной школе,Москва,8,пианино,клавишные,school,пианино для музыкальной школы | пианино для школы,candidate,
синтезатор для начинающих обучение с нуля,Москва,8,синтезатор,клавишные,learning,синтезатор для обучения,candidate,
хорошее цифровое пианино для ребенка музыкальной школы,Москва,8,пианино | цифровое пианино,клавишные,school,пианино для музыкальной школы | пианино для школы | цифровое пианино для музыкальной школы | цифровое пианино для школы,candidate,
гитара напрокат,Москва,7,гитара,струнные,prokat,гитара напрокат,candidate,
какой синтезатор купить для обучения,Москва,7,синтезатор,клавишные,learning,синтезатор для обучения,candidate,
обучение игре на пианино для взрослых,Москва,7,пианино,клавишные,learning,пианино для обучения,candidate,
пианино для детей обучение купить,Москва,7,пианино,клавишные,learning,пианино для обучения,candidate,
пианино синтезатор для музыкальной школы,Москва,7,пианино,клавишные,school,пианино для музыкальной школы | пианино для школы,candidate,
синтезатор для обучения взрослому,Москва,7,синтезатор,клавишные,learning,синтезатор для обучения,candidate,
гитара для обучения ребенка 10,Москва,6,гитара,струнные,learning,гитара для обучения,candidate,
гитара для обучения ребенка 10 лет,Москва,6,гитара,струнные,learning,гитара для обучения,candidate,
обучение на пианино для начинающих с нуля,Москва,6,пианино,клавишные,learning,пианино для обучения,candidate,
пианино для занятий в музыкальной школе,Москва,6,пианино,клавишные,school,пианино для музыкальной школы | пианино для школы,candidate,
пианино обучение для детей с нуля,Москва,6,пианино,клавишные,learning,пианино для обучения,candidate,
рейтинг цифровое пианино для обучения,Москва,6,пианино | цифровое пианино,клавишные,learning,пианино для обучения | цифровое пианино для обучения,candidate,
рейтинг электронных пианино для музыкальной школы,Москва,6,пианино,клавишные,school,пианино для музыкальной школы | пианино для школы,candidate,
синтезатор для начинающих взрослых обучение,Москва,6,синтезатор,клавишные,learning,синтезатор для обучения,candidate,
фортепиано обучение с нуля для детей,Москва,6,фортепиано,клавишные,learning,фортепиано для обучения,candidate,
детская гитара для обучения 8 лет,Москва,5,гитара,струнные,learning,гитара для обучения,candidate,
как выбрать баян для начального обучения,Москва,5,баян,клавишные,learning,баян для обучения,candidate,
обучение игры на пианино для начинающих взрослых,Москва,5,пианино,клавишные,learning,пианино для обучения,candidate,
песни для обучения на пианино,Москва,5,пианино,клавишные,learning,пианино для обучения,candidate,
синтезатор casio для обучения,Москва,5,синтезатор,клавишные,learning,синтезатор для обучения,candidate,
синтезатор для начинающих обучение с нуля самоучитель,Москва,5,синтезатор,клавишные,learning,синтезатор для обучения,candidate,
синтезатор для обучения игры на пианино,Москва,5,пианино | синтезатор,клавишные,learning,пианино для обучения | синтезатор для обучения,candidate,
гитара онлайн обучение для начинающих,Москва,4,гитара,струнные,learning,гитара для обучения,candidate,
гитара шестиструнная для обучения,Москва,4,гитара,струнные,learning,гитара для обучения,candidate,
клавиши фортепиано распечатать для музыкальной школы,Москва,4,фортепиано,клавишные,school,фортепиано для музыкальной школы | фортепиано для школы,candidate,
книга для обучения фортепиано,Москва,4,фортепиано,клавишные,learning,фортепиано для обучения,candidate,
ноты для фортепиано 4 класс музыкальной школы,Москва,4,фортепиано,клавишные,school,фортепиано для музыкальной школы | фортепиано для школы,candidate,
обучение на фортепиано для начинающих для детей,Москва,4,фортепиано,клавишные,learning,фортепиано для обучения,candidate,
прокат скрипка,Москва,4,скрипка,смычковые,prokat,прокат скрипка,candidate,
синтезатор для обучения фортепиано,Москва,4,синтезатор | фортепиано,клавишные,learning,синтезатор для обучения | фортепиано для обучения,candidate,
синтезатор ямаха для обучения,Москва,4,синтезатор,клавишные,learning,синтезатор для обучения,candidate,
сколько стоит скрипка для музыкальной школы,Москва,4,скрипка,смычковые,school,скрипка для музыкальной школы | скрипка для школы,candidate,
хрестоматия для музыкальной школы фортепиано,Москва,4,фортепиано,клавишные,school,фортепиано для музыкальной школы | фортепиано для школы,candidate,
midi для обучения игры на пианино,Москва,3,пианино,клавишные,learning,пианино для обучения,candidate,
альт саксофон для обучения,Москва,3,альт | саксофон,духовые,learning,альт для обучения | саксофон для обучения,candidate,
баян для взрослых обучение,Москва,3,баян,клавишные,learning,баян для обучения,candidate,
выбрать цифровое фортепиано для музыкальной школы,Москва,3,фортепиано,клавишные,school,фортепиано для музыкальной школы | фортепиано для школы,candidate,
гитара для начинающих обучение видео,Москва,3,гитара,струнные,learning,гитара для обучения,candidate,
гитара для обучения ребенка 8 лет,Москва,3,гитара,струнные,learning,гитара для обучения,candidate,
какое цифровое пианино купить для обучения,Москва,3,пианино | цифровое пианино,клавишные,learning,пианино для обучения | цифровое пианино для обучения,candidate,
какой синтезатор купить для обучения на фортепиано,Москва,3,синтезатор | фортепиано,клавишные,learning,синтезатор для обучения | фортепиано для обучения,candidate,
какой синтезатор купить для обучения ребенка,Москва,3,синтезатор,клавишные,learning,синтезатор для обучения,candidate,
какой цифровое фортепиано выбрать для обучения,Москва,3,фортепиано,клавишные,learning | learning-choice,какое фортепиано выбрать для обучения | фортепиано для обучения,candidate,
программа для фортепиано в музыкальной школе,Москва,3,фортепиано,клавишные,school,фортепиано для музыкальной школы | фортепиано для школы,candidate,
программы для обучения игры на пианино midi,Москва,3,пианино,клавишные,learning,пианино для обучения,candidate,
скрипка напрокат,Москва,3,скрипка,смычковые,prokat,скрипка напрокат,candidate,
цифровое фортепиано для музыкальной школы какое выбрать,Москва,3,фортепиано,клавишные,school,фортепиано для музыкальной школы | фортепиано для школы,candidate,
школа игры на фортепиано для детей,Москва,3,фортепиано,клавишные,school,фортепиано для школы,candidate,
карточки для обучения игре на фортепиано,Москва,2,фортепиано,клавишные,learning,фортепиано для обучения,candidate,
ноты для фортепиано 2 класс музыкальной школы,Москва,2,фортепиано,клавишные,school,фортепиано для музыкальной школы | фортепиано для школы,candidate,
пианино купить лучшее для обучения,Москва,2,пианино,клавишные,learning,пианино для обучения,candidate,
программа по общему фортепиано для музыкальных школ,Москва,2,фортепиано,клавишные,school,фортепиано для музыкальной школы | фортепиано для школы,candidate,
синтезатор yamaha для обучения,Москва,2,синтезатор,клавишные,learning,синтезатор для обучения,candidate,
синтезатор для домашнего обучения,Москва,2,синтезатор,клавишные,learning,синтезатор для обучения,candidate,
цифровое фортепиано для обучения в музыкальной школе,Москва,2,фортепиано,клавишные,learning | school,фортепиано для музыкальной школы | фортепиано для обучения | фортепиано для школы,candidate,
школа игры на фортепиано для начинающих,Москва,2,фортепиано,клавишные,school,фортепиано для школы,candidate,
электронное пианино для музыкальной школы купить воронеж,Москва,2,пианино,клавишные,school,пианино для музыкальной школы | пианино для школы,candidate,
акустическая гитара для обучения начинающих,Москва,1,гитара,струнные,learning,гитара для обучения,candidate,
выбор электронного пианино для музыкальной школы,Москва,1,пианино,клавишные,school,пианино для музыкальной школы | пианино для школы,candidate,
гитара для обучения 3 4,Москва,1,гитара,струнные,learning,гитара для обучения,candidate,
гитара для обучения ребенка 12 лет,Москва,1,гитара,струнные,learning,гитара для обучения,candidate,
игра на пианино для начинающих обучение бесплатно,Москва,1,пианино,клавишные,learning,пианино для обучения,candidate,
инструмент для обучения гитара,Москва,1,гитара,струнные,learning,гитара для обучения,candidate,
какой синтезатор для обучения в музыкальной школе,Москва,1,синтезатор,клавишные,learning,синтезатор для обучения,candidate,
клавиатура для обучения пианино,Москва,1,пианино,клавишные,learning,пианино для обучения,candidate,
лучшие приложения для обучения игре на фортепиано,Москва,1,фортепиано,клавишные,learning,фортепиано для обучения,candidate,
лучшие цифровые пианино для обучения детей,Москва,1,пианино,клавишные,learning,пианино для обучения,candidate,
ноты для фортепиано 6 класс музыкальной школы,Москва,1,фортепиано,клавишные,school,фортепиано для музыкальной школы | фортепиано для школы,candidate,
обучение пианино с нуля для взрослых,Москва,1,пианино,клавишные,learning,пианино для обучения,candidate,
синтезатор для обучения дома,Москва,1,синтезатор,клавишные,learning,синтезатор для обучения,candidate,
синтезатор напрокат,Москва,1,синтезатор,клавишные,prokat,синтезатор напрокат,candidate,
синтезия программа для обучения игре на пианино,Москва,1,пианино,клавишные,learning,пианино для обучения,candidate,
фортепиано для музыкальной школы 7 лет ребенку,Москва,1,фортепиано,клавишные,school,фортепиано для музыкальной школы | фортепиано для школы,candidate,
школа игры для фортепиано учебник скачать,Москва,1,фортепиано,клавишные,school,фортепиано для школы,candidate,
школа соломона кляра ноты для фортепиано,Москва,1,фортепиано,клавишные,school,фортепиано для школы,candidate,
это школа соломона пляра ноты для пианино,Москва,1,пианино,клавишные,school,пианино для школы,candidate,
