query,city,cluster,intent,frequency,source,status,notes
"аренда пианино","Москва","пианино","общая аренда",838,"Wordstat screenshot","planned","Общий запрос"
"аренда пианино в москве","Москва","пианино","общая аренда",110,"Wordstat screenshot","planned",""
"цифровое пианино в аренду","Москва","цифровое пианино","общая аренда",88,"Wordstat screenshot","planned","Без географии, использовать в московском контуре"
"аренда цифрового пианино в москве","Москва","цифровое пианино","общая аренда",41,"Wordstat screenshot","planned",""
"электронное пианино в аренду","Москва","цифровое пианино","общая аренда",33,"Wordstat screenshot","planned","Синонимический вход"
"аренда электронного пианино в москве","Москва","цифровое пианино","общая аренда",13,"Wordstat screenshot","planned",""
"аренда фортепиано","Москва","фортепиано","общая аренда",637,"Wordstat screenshot","planned",""
"аренда фортепиано москва","Москва","фортепиано","общая аренда",119,"Wordstat screenshot","planned",""
"аренда электронного фортепиано","Москва","цифровое пианино","общая аренда",20,"Wordstat screenshot","planned",""
"аренда фортепиано москва на час","Москва","фортепиано","краткосрочная аренда",8,"Wordstat screenshot","review","Проверить, не уводит ли запрос в аренду помещения"
"фортепиано длительная аренда москва","Москва","фортепиано","длительная аренда",5,"Wordstat screenshot","planned",""
"аренда рояля","Москва","рояль","общая аренда",540,"Wordstat screenshot","planned",""
"аренда рояля в москве","Москва","рояль","общая аренда",78,"Wordstat screenshot","planned",""
"аренда концертного рояля","Москва","рояль","концерт",11,"Wordstat screenshot","planned",""
"аренда роялей стейнвей в москве","Москва","рояль","бренд / концерт",10,"Wordstat screenshot","planned",""
"пианино для школы","Москва","музыкальная школа","обучение",3267,"Wordstat screenshot","planned","Скрытая потребность может вести к аренде вместо покупки"
"пианино для музыкальной школы","Москва","музыкальная школа","обучение",2765,"Wordstat screenshot","planned",""
"цифровое пианино для школы","Москва","музыкальная школа","обучение",1585,"Wordstat screenshot","planned",""
"цифровое пианино для музыкальной школы","Москва","музыкальная школа","обучение",1490,"Wordstat screenshot","planned",""
"какое пианино для музыкальной школы","Москва","музыкальная школа","выбор",1191,"Wordstat screenshot","planned",""
"пианино для школы купить","Москва","музыкальная школа","покупка / альтернатива аренде",881,"Wordstat screenshot","planned",""
"пианино для музыкальной школы купить","Москва","музыкальная школа","покупка / альтернатива аренде",798,"Wordstat screenshot","planned",""
"какое пианино купить для музыкальной школы","Москва","музыкальная школа","выбор / покупка",710,"Wordstat screenshot","planned",""
"пианино для обучения в музыкальной школе","Москва","музыкальная школа","обучение",630,"Wordstat screenshot","planned",""
"лучшее пианино для музыкальной школы","Москва","музыкальная школа","выбор",516,"Wordstat screenshot","planned",""
"какое пианино купить ребенку для музыкальной школы","Москва","музыкальная школа","ребёнок / выбор / покупка",501,"Wordstat screenshot","planned",""
"цифровое пианино для обучения в музыкальной школе","Москва","музыкальная школа","обучение",411,"Wordstat screenshot","planned",""
"выбираем цифровое пианино для музыкальной школы","Москва","музыкальная школа","выбор",388,"Wordstat screenshot","planned",""
"цифровое пианино для музыкальной школы для ребенка","Москва","музыкальная школа","ребёнок / обучение",379,"Wordstat screenshot","planned",""
"какое пианино выбрать для музыкальной школы","Москва","музыкальная школа","выбор",323,"Wordstat screenshot","planned",""
"лучшие цифровые пианино для музыкальной школы","Москва","музыкальная школа","выбор",315,"Wordstat screenshot","planned",""
"какое цифровое пианино купить для музыкальной школы","Москва","музыкальная школа","выбор / покупка",282,"Wordstat screenshot","planned",""
"какое цифровое пианино выбрать для музыкальной школы","Москва","музыкальная школа","выбор",259,"Wordstat screenshot","planned",""
"как выбрать пианино для музыкальной школы","Москва","музыкальная школа","выбор",211,"Wordstat screenshot","planned",""
"пианино для занятий в музыкальной школе","Москва","музыкальная школа","обучение",105,"Wordstat screenshot","planned",""
"пианино для учебы в музыкальной школе","Москва","музыкальная школа","обучение",91,"Wordstat screenshot","planned",""
"пианино акустическое для школы","Москва","музыкальная школа","акустическое пианино",52,"Wordstat screenshot","review","Проверить соответствие нашему фонду/стратегии"
"бюджетное пианино для музыкальной школы","Москва","музыкальная школа","бюджет / выбор",33,"Wordstat screenshot","planned",""
"аренда музыкальных инструментов","Москва","общий","общая аренда",773,"Wordstat screenshot","planned",""
"аренда музыкальных инструментов в москве","Москва","общий","общая аренда",22,"Wordstat screenshot","planned",""
"аренда цифрового пианино казань","Казань","цифровое пианино","общая аренда",,"User-selected planned query","planned","Для Казани пока оставляем только цифровые пианино"
"цифровое пианино в аренду казань","Казань","цифровое пианино","общая аренда",,"User-selected planned query","planned","Для Казани пока оставляем только цифровые пианино"
"цифровое пианино для обучения","Москва","обучение / инструмент","выбор инструмента",945,"Wordstat screenshot","planned","Коммерчески релевантный вход; отфильтрованы уроки и учебные материалы"
"лучшее пианино для обучения","Москва","обучение / инструмент","выбор",445,"Wordstat screenshot","planned",""
"какое пианино выбрать для обучения","Москва","обучение / инструмент","выбор",269,"Wordstat screenshot","planned",""
"лучшие цифровые пианино для обучения","Москва","обучение / инструмент","выбор",264,"Wordstat screenshot","planned",""
"купить пианино для обучения","Москва","обучение / инструмент","покупка / альтернатива аренде",261,"Wordstat screenshot","planned",""
"какое цифровое пианино выбрать для обучения","Москва","обучение / инструмент","выбор",194,"Wordstat screenshot","planned",""
"какое пианино купить для обучения","Москва","обучение / инструмент","выбор / покупка",161,"Wordstat screenshot","planned",""
"пианино какое лучше выбрать для обучения","Москва","обучение / инструмент","выбор",160,"Wordstat screenshot","planned",""
"как выбрать пианино для обучения","Москва","обучение / инструмент","выбор",144,"Wordstat screenshot","planned",""
"как выбрать цифровое пианино для обучения","Москва","обучение / инструмент","выбор",127,"Wordstat screenshot","planned",""
"пианино для детей обучение купить","Москва","обучение / инструмент","ребёнок / покупка",122,"Wordstat screenshot","planned",""
"пианино с подсветкой клавиш для обучения","Москва","обучение / инструмент","функция / выбор",29,"Wordstat screenshot","planned",""
"цифровое пианино с функцией обучения","Москва","обучение / инструмент","функция / выбор",27,"Wordstat screenshot","planned",""
"цифровое пианино или акустическое для обучения ребенка","Москва","обучение / инструмент","сравнение / ребёнок",10,"Wordstat screenshot","planned",""
"электронное пианино какое выбрать для обучения","Москва","обучение / инструмент","выбор",8,"Wordstat screenshot","planned",""
"какое цифровое пианино взять для обучения","Москва","обучение / инструмент","выбор",8,"Wordstat screenshot","planned",""
"пианино для обучения с полноразмерной клавиатурой купить","Москва","обучение / инструмент","функция / покупка",5,"Wordstat screenshot","planned",""
