raw_query,human_query,title,residual_question,slug
"скрипка для начинающего в аренду","Если вы только начинаете играть на скрипке, первый инструмент не обязан сразу становиться окончательным.","Скрипка для начала, пока руки ещё только формируют собственный критерий","Осталось понять ваш возраст, опыт, преподавателя и какой размер уже пробовали.","skripka-dlya-nachinayuschego-v-arendu"
"скрипка ребенку в аренду","Если ребёнок начал заниматься скрипкой, инструмент должен совпадать с ним сейчас, а не с тем, каким он станет через два года.","Скрипка ребёнку на тот размер, который нужен именно сейчас","Осталось понять рост ребёнка, длину руки и что рекомендует преподаватель.","skripka-rebenku-v-arendu"
"скрипка 1/2 в аренду","Если нужна скрипка 1/2, это почти всегда этап, а не конечная точка.","Скрипка 1/2 на тот период, пока половинный размер действительно ваш","Осталось понять рост, длину руки и на каком размере ребёнок играет сейчас.","skripka-polovina-v-arendu"
"скрипка 3/4 в аренду","Если нужна скрипка 3/4, до полного размера уже близко, но торопить этот переход не обязательно.","Скрипка 3/4, когда до полного размера осталось немного, но ещё не сейчас","Осталось понять рост, длину руки и насколько близок переход на полный размер.","skripka-tri-chetverti-v-arendu"
"скрипка 4/4 в аренду","Полный размер уже определён, а вот сама скрипка всё ещё должна совпасть с человеком.","Скрипка 4/4, когда размер уже окончательный, а инструмент ещё нет","Осталось понять уровень, привычную постановку и что именно вы хотите услышать и почувствовать под руками.","skripka-chetyre-chetverti-v-arendu"
"скрипка для музыкальной школы","Если ребёнок поступил в музыкальную школу, инструмент нужен дома уже сейчас, хотя требования ещё будут меняться.","Скрипка для музыкальной школы, пока обучение ещё меняет сам инструмент","Осталось понять класс, рост ребёнка и что уже сказал преподаватель.","skripka-dlya-muzykalnoy-shkoly"
"скрипка на время ремонта","Если своя скрипка ушла к мастеру, занятия и концерты не обязаны уходить туда вместе с ней.","Скрипка на время ремонта, чтобы музыкальная жизнь не остановилась","Осталось понять, к какой скрипке вы привыкли и насколько близкую замену нужно найти.","skripka-na-vremya-remonta"
"скрипка на экзамен в аренду","Если экзамен уже назначен, инструмент должен стать знакомым до того, как начнётся сама проверка.","Скрипка на экзамен, когда адаптация должна закончиться раньше даты","Осталось понять дату, программу и сколько времени нужно на привыкание.","skripka-na-ekzamen-v-arendu"
"скрипка на конкурс в аренду","Если впереди конкурс, инструмент становится частью подготовки задолго до выхода на сцену.","Скрипка на конкурс, когда к дате должен быть готов не только исполнитель","Осталось понять программу, дату и к какому инструменту исполнитель привык сейчас.","skripka-na-konkurs-v-arendu"
"скрипка для оркестра в аренду","Если скрипка нужна для оркестра, она должна работать не только под рукой, но и внутри секции.","Скрипка для оркестра, когда инструмент должен войти в уже существующий звук","Осталось понять состав, программу, длительность проекта и к какой скрипке привык исполнитель.","skripka-dlya-orkestra-v-arendu"
"скрипка для съемки в аренду","Если скрипка нужна в кадр, сначала важно понять, будет ли на ней действительно играть музыкант.","Скрипка для съёмки, когда инструмент должен быть правдой кадра","Осталось понять, что происходит в кадре, кто держит инструмент и сколько смен он нужен.","skripka-dlya-semki-v-arendu"
"скрипка в аренду на месяц","Месяц достаточно длинный, чтобы скрипка стала частью ежедневной практики, и достаточно короткий, чтобы покупка не была обязательной.","Скрипка на месяц, когда временный инструмент уже должен стать своим","Осталось понять, что будет происходить в течение месяца и к какой скрипке вы привыкли.","skripka-v-arendu-na-mesyats"
