query,entity,city,family,subject,configuration,task,duration,constraint,reason,hypothesis_status,measurement_status,frequency,notes
"контрабас для начинающего в аренду","контрабас","Москва","Начало и обучение","начинающий","","обучение","","","покупать рано","proposed","unmeasured","",""
"контрабас начинающему напрокат","контрабас","Москва","Начало и обучение","начинающий","","обучение","","","первый инструмент","proposed","unmeasured","",""
"аренда контрабаса для начинающего в москве","контрабас","Москва","Начало и обучение","начинающий","","обучение","","","покупать рано","proposed","unmeasured","",""
"контрабас для первых занятий","контрабас","Москва","Начало и обучение","начинающий","","обучение","","","первый инструмент","proposed","unmeasured","",""
"контрабас для взрослого начинающего","контрабас","Москва","Начало и обучение","взрослый начинающий","","обучение","","","возвращение к инструменту","proposed","unmeasured","",""
"контрабас для ребенка в аренду","контрабас","Москва","Начало и обучение","ребёнок","","обучение","","","ребёнок растёт","proposed","unmeasured","",""
"контрабас ребенку для музыкальной школы","контрабас","Москва","Начало и обучение","ребёнок","","музыкальная школа","","","обучение","proposed","unmeasured","",""
"контрабас для ученика музыкальной школы","контрабас","Москва","Начало и обучение","ученик","","музыкальная школа","","","обучение","proposed","unmeasured","",""
"контрабас студенту музыкального училища","контрабас","Москва","Начало и обучение","студент","","училище","","","обучение","proposed","unmeasured","",""
"контрабас студенту консерватории в аренду","контрабас","Москва","Начало и обучение","студент","","консерватория","","","обучение","proposed","unmeasured","",""
"контрабас для занятий дома","контрабас","Москва","Начало и обучение","ученик","","домашние занятия","","","обучение","proposed","unmeasured","",""
"контрабас на время обучения","контрабас","Москва","Начало и обучение","ученик","","обучение","","","временный доступ","proposed","unmeasured","",""
"контрабас 1/2 в аренду","контрабас","Москва","Размер","","1/2","","","","размер","proposed","unmeasured","",""
"контрабас 1/2 ребенку","контрабас","Москва","Размер","ребёнок","1/2","обучение","","","размер","proposed","unmeasured","",""
"контрабас 1/2 напрокат","контрабас","Москва","Размер","","1/2","","","","размер","proposed","unmeasured","",""
"контрабас 3/4 в аренду","контрабас","Москва","Размер","","3/4","","","","размер","proposed","unmeasured","",""
"контрабас 3/4 в аренду москва","контрабас","Москва","Размер","","3/4","","","","размер","proposed","unmeasured","",""
"контрабас 3/4 для начинающего","контрабас","Москва","Размер","начинающий","3/4","обучение","","","размер","proposed","unmeasured","",""
"контрабас 3/4 ребенку","контрабас","Москва","Размер","ребёнок","3/4","обучение","","","размер","proposed","unmeasured","",""
"контрабас 3/4 студенту","контрабас","Москва","Размер","студент","3/4","обучение","","","размер","proposed","unmeasured","",""
"контрабас 3/4 напрокат","контрабас","Москва","Размер","","3/4","","","","размер","proposed","unmeasured","",""
"контрабас 4/4 в аренду","контрабас","Москва","Размер","","4/4","","","","размер","proposed","unmeasured","",""
"контрабас 4/4 напрокат","контрабас","Москва","Размер","","4/4","","","","размер","proposed","unmeasured","",""
"аренда контрабаса 4/4 москва","контрабас","Москва","Размер","","4/4","","","","размер","proposed","unmeasured","",""
"контрабас на концерт в аренду","контрабас","Москва","Концерт и оркестр","музыкант","","концерт","","","разовая сцена","proposed","unmeasured","",""
"аренда контрабаса на концерт москва","контрабас","Москва","Концерт и оркестр","музыкант","","концерт","","","разовая сцена","proposed","unmeasured","",""
"контрабас для оркестра в аренду","контрабас","Москва","Концерт и оркестр","оркестрант","","оркестр","","","разовая сцена","proposed","unmeasured","",""
"аренда контрабаса для симфонического оркестра","контрабас","Москва","Концерт и оркестр","оркестрант","","симфонический оркестр","","","разовая сцена","proposed","unmeasured","",""
"контрабас для камерного оркестра","контрабас","Москва","Концерт и оркестр","оркестрант","","камерный оркестр","","","разовая сцена","proposed","unmeasured","",""
"контрабас на репетицию оркестра","контрабас","Москва","Концерт и оркестр","оркестрант","","репетиция","","","разовая сцена","proposed","unmeasured","",""
"контрабас для фестиваля в аренду","контрабас","Москва","Концерт и оркестр","музыкант","","фестиваль","","","разовая сцена","proposed","unmeasured","",""
"контрабас на гастроли в аренду","контрабас","Москва","Концерт и оркестр","гастролирующий музыкант","","гастроли","","","не везти свой инструмент","proposed","unmeasured","",""
"контрабас по райдеру","контрабас","Москва","Концерт и оркестр","музыкант","","райдер","","","требование площадки","proposed","unmeasured","",""
"аренда контрабаса по райдеру москва","контрабас","Москва","Концерт и оркестр","музыкант","","райдер","","","требование площадки","proposed","unmeasured","",""
"контрабас на экзамен в аренду","контрабас","Москва","Экзамен и конкурс","студент","","экзамен","","","разовая сцена","proposed","unmeasured","",""
"контрабас на экзамен москва","контрабас","Москва","Экзамен и конкурс","студент","","экзамен","","","разовая сцена","proposed","unmeasured","",""
"контрабас на конкурс в аренду","контрабас","Москва","Экзамен и конкурс","участник конкурса","","конкурс","","","разовая сцена","proposed","unmeasured","",""
"контрабас на прослушивание","контрабас","Москва","Экзамен и конкурс","музыкант","","прослушивание","","","разовая сцена","proposed","unmeasured","",""
"контрабас на вступительный экзамен","контрабас","Москва","Экзамен и конкурс","абитуриент","","вступительный экзамен","","","разовая сцена","proposed","unmeasured","",""
"контрабас для зачета","контрабас","Москва","Экзамен и конкурс","студент","","зачёт","","","разовая сцена","proposed","unmeasured","",""
"контрабас для записи в студии","контрабас","Москва","Запись и сцена","музыкант","","студийная запись","","","разовая сцена","proposed","unmeasured","",""
"контрабас в аренду для студии","контрабас","Москва","Запись и сцена","музыкант","","студийная запись","","","разовая сцена","proposed","unmeasured","",""
"контрабас для съемки в аренду","контрабас","Москва","Запись и сцена","съёмочная группа","","съёмка","","","реквизит или игра","proposed","unmeasured","",""
"аренда контрабаса для съемок москва","контрабас","Москва","Запись и сцена","съёмочная группа","","съёмка","","","реквизит или игра","proposed","unmeasured","",""
"контрабас для фотосессии","контрабас","Москва","Запись и сцена","съёмочная группа","","фотосессия","","","реквизит","proposed","unmeasured","",""
"контрабас для спектакля в аренду","контрабас","Москва","Запись и сцена","театр","","спектакль","","","сценическая задача","proposed","unmeasured","",""
"контрабас для мероприятия","контрабас","Москва","Запись и сцена","организатор","","мероприятие","","","разовая сцена","proposed","unmeasured","",""
"контрабас для свадьбы в аренду","контрабас","Москва","Запись и сцена","музыкант","","свадьба","","","разовая сцена","proposed","unmeasured","",""
"контрабас на время ремонта","контрабас","Москва","Временная замена","музыкант","","","","","свой инструмент в ремонте","proposed","unmeasured","",""
"контрабас в аренду пока свой в ремонте","контрабас","Москва","Временная замена","музыкант","","","","","свой инструмент в ремонте","proposed","unmeasured","",""
"контрабас на замену своего инструмента","контрабас","Москва","Временная замена","музыкант","","","","","временная замена","proposed","unmeasured","",""
"временный контрабас для музыканта","контрабас","Москва","Временная замена","музыкант","","","","","временная замена","proposed","unmeasured","",""
"контрабас вместо своего на концерт","контрабас","Москва","Временная замена","музыкант","","концерт","","","свой инструмент недоступен","proposed","unmeasured","",""
"контрабас если свой сломался","контрабас","Москва","Временная замена","музыкант","","","","","поломка","proposed","unmeasured","",""
"контрабас в аренду на день","контрабас","Москва","Срок","","","","день","","короткий срок","proposed","unmeasured","",""
"контрабас напрокат на сутки","контрабас","Москва","Срок","","","","сутки","","короткий срок","proposed","unmeasured","",""
"контрабас в аренду на выходные","контрабас","Москва","Срок","","","","выходные","","короткий срок","proposed","unmeasured","",""
"контрабас в аренду на неделю","контрабас","Москва","Срок","","","","неделя","","короткий срок","proposed","unmeasured","",""
"контрабас в аренду на месяц","контрабас","Москва","Срок","","","","месяц","","средний срок","proposed","unmeasured","",""
"аренда контрабаса на месяц москва","контрабас","Москва","Срок","","","","месяц","","средний срок","proposed","unmeasured","",""
"контрабас в аренду на три месяца","контрабас","Москва","Срок","","","","три месяца","","средний срок","proposed","unmeasured","",""
"контрабас на семестр в аренду","контрабас","Москва","Срок","студент","","обучение","семестр","","учебный срок","proposed","unmeasured","",""
"контрабас на учебный год","контрабас","Москва","Срок","ученик","","обучение","учебный год","","учебный срок","proposed","unmeasured","",""
"контрабас в аренду на сезон","контрабас","Москва","Срок","оркестрант","","оркестр","сезон","","сезонная работа","proposed","unmeasured","",""
"пятиструнный контрабас в аренду","контрабас","Москва","Конфигурация","","пятиструнный","","","","конфигурация","proposed","unmeasured","",""
"аренда пятиструнного контрабаса москва","контрабас","Москва","Конфигурация","","пятиструнный","","","","конфигурация","proposed","unmeasured","",""
"контрабас с низкой до в аренду","контрабас","Москва","Конфигурация","","низкая C","","","","конфигурация","proposed","unmeasured","",""
"контрабас с машинкой до в аренду","контрабас","Москва","Конфигурация","","C-extension","","","","конфигурация","proposed","unmeasured","",""
"контрабас со звукоснимателем в аренду","контрабас","Москва","Конфигурация","","звукосниматель","","","","усиление","proposed","unmeasured","",""
"джазовый контрабас в аренду","контрабас","Москва","Конфигурация","джазовый музыкант","джазовый","джаз","","","жанр","proposed","unmeasured","",""
"оркестровый контрабас в аренду","контрабас","Москва","Конфигурация","оркестрант","оркестровый","оркестр","","","жанр","proposed","unmeasured","",""
"контрабас для джаза напрокат","контрабас","Москва","Конфигурация","джазовый музыкант","","джаз","","","жанр","proposed","unmeasured","",""
"контрабас для классики в аренду","контрабас","Москва","Конфигурация","классический музыкант","","классика","","","жанр","proposed","unmeasured","",""
"контрабас в аренду с доставкой","контрабас","Москва","Логистика","музыкант","","","","доставка","логистика","proposed","unmeasured","",""
"контрабас в аренду с доставкой по москве","контрабас","Москва","Логистика","музыкант","","","","доставка","логистика","proposed","unmeasured","",""
"доставка контрабаса на концерт","контрабас","Москва","Логистика","музыкант","","концерт","","доставка","логистика","proposed","unmeasured","",""
"контрабас на площадку в москве","контрабас","Москва","Логистика","музыкант","","концерт","","доставка на площадку","логистика","proposed","unmeasured","",""
"контрабас в студию с доставкой","контрабас","Москва","Логистика","музыкант","","студийная запись","","доставка","логистика","proposed","unmeasured","",""
"контрабас в концертный зал в аренду","контрабас","Москва","Логистика","музыкант","","концерт","","доставка на площадку","логистика","proposed","unmeasured","",""
"контрабас купить или арендовать","контрабас","Москва","Покупка или аренда","начинающий","","выбор","","","покупка преждевременна","proposed","unmeasured","",""
"контрабас для начинающего купить или взять в аренду","контрабас","Москва","Покупка или аренда","начинающий","","обучение","","","покупка преждевременна","proposed","unmeasured","",""
"стоит ли покупать контрабас начинающему","контрабас","Москва","Покупка или аренда","начинающий","","обучение","","","покупка преждевременна","proposed","unmeasured","",""
"контрабас ребенку купить или арендовать","контрабас","Москва","Покупка или аренда","ребёнок","","обучение","","","ребёнок растёт","proposed","unmeasured","",""
"какой контрабас купить для обучения","контрабас","Москва","Покупка или аренда","ученик","","обучение","","","выбор инструмента","proposed","unmeasured","",""
"контрабас на первое время","контрабас","Москва","Покупка или аренда","начинающий","","обучение","","","временный старт","proposed","unmeasured","",""
"контрабас гастролирующему музыканту","контрабас","Москва","Профессия и мобильность","гастролирующий музыкант","","гастроли","","","не везти свой инструмент","proposed","unmeasured","",""
"контрабас музыканту в командировке","контрабас","Москва","Профессия и мобильность","музыкант","","работа","","","не везти свой инструмент","proposed","unmeasured","",""
"контрабас для приезжего музыканта в москве","контрабас","Москва","Профессия и мобильность","приезжий музыкант","","концерт","","","нет своего инструмента в городе","proposed","unmeasured","",""
"контрабас на несколько концертов в москве","контрабас","Москва","Профессия и мобильность","музыкант","","концерт","несколько дней","","гастроли","proposed","unmeasured","",""
"контрабас для приглашенного оркестранта","контрабас","Москва","Профессия и мобильность","приглашённый оркестрант","","оркестр","","","нет своего инструмента на месте","proposed","unmeasured","",""
