seed,city,region_id,enabled,max_results,notes
"аренда пианино","Москва","213","true","2000","Основной прокатный кластер"
"прокат пианино","Москва","213","true","2000","Синонимический вход"
"аренда фортепиано","Москва","213","true","2000","Синонимический/родовой вход"
"прокат фортепиано","Москва","213","true","2000","Синонимический вход"
"аренда цифрового пианино","Москва","213","true","2000","Цифровые пианино"
"прокат цифрового пианино","Москва","213","true","2000","Цифровые пианино"
"аренда рояля","Москва","213","true","2000","Рояли"
"аренда концертного рояля","Москва","213","true","2000","Концертная сцена"
"аренда синтезатора","Москва","213","true","2000","Синтезаторы"
"прокат синтезатора","Москва","213","true","2000","Синтезаторы"
"аренда аккордеона","Москва","213","true","2000","Аккордеоны"
"прокат аккордеона","Москва","213","true","2000","Аккордеоны"
"аренда баяна","Москва","213","true","2000","Баяны"
"прокат баяна","Москва","213","true","2000","Баяны"
"аренда скрипки","Москва","213","true","2000","Скрипки"
"прокат скрипки","Москва","213","true","2000","Скрипки"
"аренда контрабаса","Москва","213","true","2000","Контрабасы"
"прокат контрабаса","Москва","213","true","2000","Контрабасы"
"пианино для музыкальной школы","Москва","213","true","2000","Скрытая потребность: инструмент для обучения"
"пианино для обучения","Москва","213","true","2000","Выбор инструмента для обучения"
"аренда цифрового пианино","Казань","43","true","2000","Для Казани пока только цифровые пианино"
"прокат цифрового пианино","Казань","43","true","2000","Для Казани пока только цифровые пианино"
