seed,entity,cluster,scene,city,region_id,phrase,count,relation,total_count
аренда саксофон,саксофон,духовые,rent,Москва,213,саксофон в аренду,39,result,53
аренда саксофон,саксофон,духовые,rent,Москва,213,аренда саксофона москва,12,result,53
аренда саксофон,саксофон,духовые,rent,Москва,213,саксофон в аренду на месяц,6,result,53
саксофон в аренду,саксофон,духовые,rent,Москва,213,саксофон в аренду,39,result,39
саксофон в аренду,саксофон,духовые,rent,Москва,213,саксофон в аренду на месяц,6,result,39
саксофон в аренду,саксофон,духовые,rent,Москва,213,аренда саксофона в москве,6,result,39
аренда труба,труба,духовые,rent,Москва,213,аренда труб,637,result,637
аренда труба,труба,духовые,rent,Москва,213,пресс труб аренду,108,result,637
аренда труба,труба,духовые,rent,Москва,213,прессы труб аренда,108,result,637
аренда труба,труба,духовые,rent,Москва,213,аренда инструмента для труб,92,result,637
аренда труба,труба,духовые,rent,Москва,213,аренда для труб рехау,48,result,637
аренда труба,труба,духовые,rent,Москва,213,аренда паяльника для труб,44,result,637
аренда труба,труба,духовые,rent,Москва,213,аренда сварки для труб,39,result,637
аренда труба,труба,духовые,rent,Москва,213,аренда заморозки труб,36,result,637
аренда труба,труба,духовые,rent,Москва,213,аренда аппарата пнд труб,35,result,637
аренда труба,труба,духовые,rent,Москва,213,аренда пресса для нержавеющих труб,33,result,637
аренда труба,труба,духовые,rent,Москва,213,аренда пресс клещей труб,31,result,637
аренда труба,труба,духовые,rent,Москва,213,пресс инструмент для труб аренда,31,result,637
аренда труба,труба,духовые,rent,Москва,213,сварка пнд труб аренда,24,result,637
аренда труба,труба,духовые,rent,Москва,213,аренда аппарата для сварки труб,23,result,637
аренда труба,труба,духовые,rent,Москва,213,аренда паяльника для полипропиленовых труб,23,result,637
аренда труба,труба,духовые,rent,Москва,213,аренда сварочного аппарата для труб,22,result,637
аренда труба,труба,духовые,rent,Москва,213,аренда аппарата для заморозки труб,18,result,637
аренда труба,труба,духовые,rent,Москва,213,аренда пресса для труб рехау,18,result,637
аренда труба,труба,духовые,rent,Москва,213,пресс для труб рехау аренда,18,result,637
аренда труба,труба,духовые,rent,Москва,213,аренда инструмента для нержавеющих труб,17,result,637
аренда труба,труба,духовые,rent,Москва,213,аренда опрессовщика труб,17,result,637
аренда труба,труба,духовые,rent,Москва,213,взять паяльник для труб в аренду,17,result,637
аренда труба,труба,духовые,rent,Москва,213,аренда инструмента для монтажа труб,16,result,637
аренда труба,труба,духовые,rent,Москва,213,пресс инструмент для нержавеющих труб аренда,16,result,637
аренда труба,труба,духовые,rent,Москва,213,аксиальный пресс для труб аренда,16,result,637
аренда труба,труба,духовые,rent,Москва,213,пресс для нержавеющих труб в аренду,16,result,637
аренда труба,труба,духовые,rent,Москва,213,взять в аренду паяльник для полипропиленовых труб,16,result,637
аренда труба,труба,духовые,rent,Москва,213,аренда аппарата для сварки пнд труб,15,result,637
аренда труба,труба,духовые,rent,Москва,213,аренда пресса для металлопластиковых труб,15,result,637
аренда труба,труба,духовые,rent,Москва,213,пресс для металлопластиковых труб аренда,15,result,637
аренда труба,труба,духовые,rent,Москва,213,аренда опрессовки труб,15,result,637
аренда труба,труба,духовые,rent,Москва,213,аренда инструмента для труб rehau,15,result,637
аренда труба,труба,духовые,rent,Москва,213,пресс для pex трубы аренда,15,result,637
аренда труба,труба,духовые,rent,Москва,213,трубы рехау аренда инструмента,14,result,637
аренда труба,труба,духовые,rent,Москва,213,аренда клещей для металлопластиковых труб,13,result,637
аренда труба,труба,духовые,rent,Москва,213,пресс клещи для металлопластиковых труб аренда,13,result,637
аренда труба,труба,духовые,rent,Москва,213,электромуфтовая сварка труб пнд аренда,13,result,637
аренда труба,труба,духовые,rent,Москва,213,аренда эндоскопа для труб,12,result,637
аренда труба,труба,духовые,rent,Москва,213,полиэтиленовых труб аренда,11,result,637
аренда труба,труба,духовые,rent,Москва,213,аренда сварочного аппарата для пнд труб,10,result,637
аренда труба,труба,духовые,rent,Москва,213,клещи для обжима металлопластиковых труб аренда,9,result,637
аренда труба,труба,духовые,rent,Москва,213,обжим для металлопластиковых труб аренда,9,result,637
аренда труба,труба,духовые,rent,Москва,213,пресс для обжима металлопластиковых труб аренда,9,result,637
аренда труба,труба,духовые,rent,Москва,213,пресс клещи для обжима металлопластиковых труб аренда,9,result,637
аренда труба,труба,духовые,rent,Москва,213,аренда электромуфтового аппарата для пнд труб,9,result,637
аренда труба,труба,духовые,rent,Москва,213,аксиальный пресс инструмент для труб аренда,8,result,637
аренда труба,труба,духовые,rent,Москва,213,аренда аксиального инструмента аксиальных труб,8,result,637
аренда труба,труба,духовые,rent,Москва,213,аренда паяльника для пнд труб,8,result,637
аренда труба,труба,духовые,rent,Москва,213,инструмент для труб сшитого полиэтилена аренда,8,result,637
аренда труба,труба,духовые,rent,Москва,213,инструмент для pex труб аренда,8,result,637
аренда труба,труба,духовые,rent,Москва,213,договор аренды трубы,8,result,637
аренда труба,труба,духовые,rent,Москва,213,набор для труб pex в аренду,8,result,637
аренда труба,труба,духовые,rent,Москва,213,аренда трубогиба для круглой трубы,8,result,637
аренда труба,труба,духовые,rent,Москва,213,аренда пресс клещей для нержавеющих труб,8,result,637
аренда труба,труба,духовые,rent,Москва,213,аппарат для электромуфтовой сварки пнд труб аренда,7,result,637
аренда труба,труба,духовые,rent,Москва,213,аренда трубы стальной,7,result,637
аренда труба,труба,духовые,rent,Москва,213,аренда эндоскопа для труб и канализации,7,result,637
аренда труба,труба,духовые,rent,Москва,213,аппарат мороз для заморозки труб в аренду,7,result,637
аренда труба,труба,духовые,rent,Москва,213,аренда аппарата для сварки пластиковых труб,6,result,637
аренда труба,труба,духовые,rent,Москва,213,аренда сварки пластиковых труб,6,result,637
аренда труба,труба,духовые,rent,Москва,213,взять в аренду опрессовщик для труб,6,result,637
аренда труба,труба,духовые,rent,Москва,213,аренда обсадных труб,5,result,637
аренда труба,труба,духовые,rent,Москва,213,аренда стыковой сварки труб,5,result,637
аренда труба,труба,духовые,rent,Москва,213,монтажный инструмент для труб rehau аренда,5,result,637
аренда труба,труба,духовые,rent,Москва,213,аренда комплекта инструмента для рех труб,5,result,637
аренда труба,труба,духовые,rent,Москва,213,аренда компрессора для продувки труб,5,result,637
аренда труба,труба,духовые,rent,Москва,213,аренда инструмента для опрессовки труб,5,result,637
аренда труба,труба,духовые,rent,Москва,213,инструменты для опрессовки труб рехау аренда,5,result,637
аренда труба,труба,духовые,rent,Москва,213,паяльник для труб пнд 110 аренда,4,result,637
аренда труба,труба,духовые,rent,Москва,213,пресс инструмент для pex труб в аренду,4,result,637
аренда труба,труба,духовые,rent,Москва,213,rehau инструмент для монтажа труб аренда,4,result,637
аренда труба,труба,духовые,rent,Москва,213,трубогиб для профильной трубы аренда,4,result,637
аренда труба,труба,духовые,rent,Москва,213,аренда для прочистки канализационных труб,3,result,637
аренда труба,труба,духовые,rent,Москва,213,аренда монтаж труб из сшитого полиэтилена,3,result,637
аренда труба,труба,духовые,rent,Москва,213,аренда электросварочного аппарата для пнд труб,3,result,637
аренда труба,труба,духовые,rent,Москва,213,аппарат для пэ труб аренда,3,result,637
аренда труба,труба,духовые,rent,Москва,213,аренда аппаратов стыковой сварки труб,3,result,637
аренда труба,труба,духовые,rent,Москва,213,аренда опрессовочного насоса для труб,3,result,637
аренда труба,труба,духовые,rent,Москва,213,аренда газовой трубы,3,result,637
аренда труба,труба,духовые,rent,Москва,213,аренда аппарата для полиэтиленовых труб,2,result,637
аренда труба,труба,духовые,rent,Москва,213,сварка полипропиленовых труб аренда,2,result,637
аренда труба,труба,духовые,rent,Москва,213,замораживатель труб аренда,2,result,637
аренда труба,труба,духовые,rent,Москва,213,аренда трос для прочистки канализационных труб,2,result,637
аренда труба,труба,духовые,rent,Москва,213,аренда сварки пэ труб,2,result,637
аренда труба,труба,духовые,rent,Москва,213,аренда стыкового аппарата для сварки пнд труб,2,result,637
аренда труба,труба,духовые,rent,Москва,213,аренда стыкового аппарата для труб,2,result,637
аренда труба,труба,духовые,rent,Москва,213,аренда стыковой сварки для пнд труб,2,result,637
аренда труба,труба,духовые,rent,Москва,213,стыковой аппарат для пнд труб аренда,2,result,637
аренда труба,труба,духовые,rent,Москва,213,электромуфтовый сварочный аппарат для пнд труб аренда,2,result,637
аренда труба,труба,духовые,rent,Москва,213,аренда аппарата для сварки полиэтиленовых труб,1,result,637
аренда труба,труба,духовые,rent,Москва,213,аренда пресса для труб сшитого полиэтилена,1,result,637
аренда труба,труба,духовые,rent,Москва,213,аренда сварочного аппарата для полиэтиленовых труб,1,result,637
аренда труба,труба,духовые,rent,Москва,213,взять в аренду пресс для труб,1,result,637
аренда труба,труба,духовые,rent,Москва,213,паяльник для пвх труб аренда,1,result,637
аренда труба,труба,духовые,rent,Москва,213,пресс для сшитого полиэтилена труб аренда,1,result,637
аренда труба,труба,духовые,rent,Москва,213,аренда аппарата для пайки труб,1,result,637
аренда труба,труба,духовые,rent,Москва,213,пайка для труб в аренду,1,result,637
аренда труба,труба,духовые,rent,Москва,213,резьборез для труб электрический аренда в москве,1,result,637
аренда труба,труба,духовые,rent,Москва,213,эндоскоп для канализационных труб аренда,1,result,637
аренда труба,труба,духовые,rent,Москва,213,аренда опрессовщика труб valtec,1,result,637
аренда труба,труба,духовые,rent,Москва,213,аренда сварочного аппарата для полипропиленовых труб,1,result,637
аренда труба,труба,духовые,rent,Москва,213,инструмент для металлопластиковых труб аренда,1,result,637
труба в аренду,труба,духовые,rent,Москва,213,труба в аренду,235,result,235
труба в аренду,труба,духовые,rent,Москва,213,пресс для труб в аренду,37,result,235
труба в аренду,труба,духовые,rent,Москва,213,прессы для труб в аренду,37,result,235
труба в аренду,труба,духовые,rent,Москва,213,паяльник для труб в аренду,24,result,235
труба в аренду,труба,духовые,rent,Москва,213,взять паяльник для труб в аренду,17,result,235
труба в аренду,труба,духовые,rent,Москва,213,паяльник для полипропиленовых труб в аренду,17,result,235
труба в аренду,труба,духовые,rent,Москва,213,пресс для нержавеющих труб в аренду,16,result,235
труба в аренду,труба,духовые,rent,Москва,213,взять в аренду паяльник для полипропиленовых труб,16,result,235
труба в аренду,труба,духовые,rent,Москва,213,заморозка труб в аренду,14,result,235
труба в аренду,труба,духовые,rent,Москва,213,аппарат для заморозки труб в аренду,10,result,235
труба в аренду,труба,духовые,rent,Москва,213,опрессовщик труб в аренду,10,result,235
труба в аренду,труба,духовые,rent,Москва,213,сварка пнд труб в аренду,9,result,235
труба в аренду,труба,духовые,rent,Москва,213,аппараты для сварки труб в аренду,9,result,235
труба в аренду,труба,духовые,rent,Москва,213,набор для труб pex в аренду,8,result,235
труба в аренду,труба,духовые,rent,Москва,213,аппарат для пнд труб в аренду,8,result,235
труба в аренду,труба,духовые,rent,Москва,213,аппарат мороз для заморозки труб в аренду,7,result,235
труба в аренду,труба,духовые,rent,Москва,213,взять в аренду опрессовщик для труб,6,result,235
труба в аренду,труба,духовые,rent,Москва,213,пресс инструмент для pex труб в аренду,4,result,235
труба в аренду,труба,духовые,rent,Москва,213,пресс клещи для труб в аренду,4,result,235
труба в аренду,труба,духовые,rent,Москва,213,эндоскоп для труб в аренду,4,result,235
труба в аренду,труба,духовые,rent,Москва,213,сварочный аппарат для пнд труб в аренду,3,result,235
труба в аренду,труба,духовые,rent,Москва,213,паяльник для пнд труб в аренду,2,result,235
труба в аренду,труба,духовые,rent,Москва,213,эндоскоп для труб и канализации в аренду,2,result,235
труба в аренду,труба,духовые,rent,Москва,213,взять в аренду пресс для труб,1,result,235
труба в аренду,труба,духовые,rent,Москва,213,пайка для труб в аренду,1,result,235
труба в аренду,труба,духовые,rent,Москва,213,резьборез для труб электрический аренда в москве,1,result,235
труба в аренду,труба,духовые,rent,Москва,213,трубогиб для круглой трубы в аренду,1,result,235
труба в аренду,труба,духовые,rent,Москва,213,трубогиб для профильной трубы в аренду,1,result,235
аренда флейта,флейта,духовые,rent,Москва,213,флейта аренда,22,result,22
аккордеон в аренду,аккордеон,клавишные,rent,Москва,213,аккордеон в аренду,12,result,12
аккордеон в аренду,аккордеон,клавишные,rent,Москва,213,аренда аккордеона в москве,5,result,12
аренда аккордеон,аккордеон,клавишные,rent,Москва,213,аренда аккордеона,26,result,26
аренда аккордеон,аккордеон,клавишные,rent,Москва,213,аренда аккордеона в москве,5,result,26
аренда баян,баян,клавишные,rent,Москва,213,аренда баяна,51,result,51
аренда баян,баян,клавишные,rent,Москва,213,баян в аренду юпитер 2 д,16,result,51
аренда баян,баян,клавишные,rent,Москва,213,аренда баяна в москве,11,result,51
баян в аренду,баян,клавишные,rent,Москва,213,баян в аренду,41,result,41
баян в аренду,баян,клавишные,rent,Москва,213,баян в аренду юпитер 2 д,16,result,41
баян в аренду,баян,клавишные,rent,Москва,213,аренда баяна в москве,11,result,41
аренда пианино,пианино,клавишные,rent,Москва,213,аренда пианино,226,result,226
аренда пианино,пианино,клавишные,rent,Москва,213,аренда пианино в москве,68,result,226
аренда пианино,пианино,клавишные,rent,Москва,213,цифровое пианино в аренду,35,result,226
аренда пианино,пианино,клавишные,rent,Москва,213,аренда цифрового пианино в москве,22,result,226
аренда пианино,пианино,клавишные,rent,Москва,213,электронное пианино аренда,14,result,226
аренда пианино,пианино,клавишные,rent,Москва,213,аренда зала пианино,11,result,226
аренда пианино,пианино,клавишные,rent,Москва,213,аренда класса с пианино,8,result,226
аренда пианино,пианино,клавишные,rent,Москва,213,взять в аренду пианино,8,result,226
аренда пианино,пианино,клавишные,rent,Москва,213,аренда пианино тюмень,6,result,226
аренда пианино,пианино,клавишные,rent,Москва,213,аренда электронного пианино в москве,3,result,226
аренда пианино,пианино,клавишные,rent,Москва,213,аренда зала с пианино москва,2,result,226
аренда пианино,пианино,клавишные,rent,Москва,213,аренда пианино спб,1,result,226
пианино в аренду,пианино,клавишные,rent,Москва,213,пианино в аренду,103,result,103
пианино в аренду,пианино,клавишные,rent,Москва,213,аренда пианино в москве,68,result,103
пианино в аренду,пианино,клавишные,rent,Москва,213,цифровое пианино в аренду,35,result,103
пианино в аренду,пианино,клавишные,rent,Москва,213,аренда цифрового пианино в москве,22,result,103
пианино в аренду,пианино,клавишные,rent,Москва,213,взять в аренду пианино,8,result,103
пианино в аренду,пианино,клавишные,rent,Москва,213,электронное пианино в аренду,7,result,103
пианино в аренду,пианино,клавишные,rent,Москва,213,аренда электронного пианино в москве,3,result,103
пианино в аренду,пианино,клавишные,rent,Москва,213,пианино в аренду спб,1,result,103
аренда рояль,рояль,клавишные,rent,Москва,213,аренда рояля,153,result,153
аренда рояль,рояль,клавишные,rent,Москва,213,аренда рояля в москве,48,result,153
аренда рояль,рояль,клавишные,rent,Москва,213,аренда зала с роялем,38,result,153
аренда рояль,рояль,клавишные,rent,Москва,213,аренда класса с роялем,11,result,153
аренда рояль,рояль,клавишные,rent,Москва,213,аренда зала с роялем москва,9,result,153
аренда рояль,рояль,клавишные,rent,Москва,213,аренда роялей стейнвей в москве,9,result,153
аренда рояль,рояль,клавишные,rent,Москва,213,залы с роялем в аренду,7,result,153
аренда рояль,рояль,клавишные,rent,Москва,213,аренда концертного рояля,7,result,153
аренда рояль,рояль,клавишные,rent,Москва,213,сцена с роялем аренда,3,result,153
рояль в аренду,рояль,клавишные,rent,Москва,213,рояль в аренду,61,result,61
рояль в аренду,рояль,клавишные,rent,Москва,213,аренда рояля в москве,48,result,61
рояль в аренду,рояль,клавишные,rent,Москва,213,аренда роялей стейнвей в москве,9,result,61
рояль в аренду,рояль,клавишные,rent,Москва,213,зал с роялем в аренду,7,result,61
рояль в аренду,рояль,клавишные,rent,Москва,213,залы с роялем в аренду,7,result,61
аренда синтезатор,синтезатор,клавишные,rent,Москва,213,аренда синтезатора,60,result,60
аренда синтезатор,синтезатор,клавишные,rent,Москва,213,аренда синтезатора москва,21,result,60
аренда синтезатор,синтезатор,клавишные,rent,Москва,213,взять в аренду синтезатор,1,result,60
синтезатор в аренду,синтезатор,клавишные,rent,Москва,213,синтезатор в аренду,18,result,18
синтезатор в аренду,синтезатор,клавишные,rent,Москва,213,взять в аренду синтезатор,1,result,18
аренда фортепиано,фортепиано,клавишные,rent,Москва,213,аренда фортепиано,207,result,207
аренда фортепиано,фортепиано,клавишные,rent,Москва,213,аренда фортепиано москва,55,result,207
аренда фортепиано,фортепиано,клавишные,rent,Москва,213,аренда класса с фортепиано,35,result,207
аренда фортепиано,фортепиано,клавишные,rent,Москва,213,аренда помещения с фортепиано,12,result,207
аренда фортепиано,фортепиано,клавишные,rent,Москва,213,аренда зала фортепиано,12,result,207
аренда фортепиано,фортепиано,клавишные,rent,Москва,213,аренда студии с фортепиано,11,result,207
аренда фортепиано,фортепиано,клавишные,rent,Москва,213,аренда кабинета с фортепиано,10,result,207
аренда фортепиано,фортепиано,клавишные,rent,Москва,213,аренда электронного фортепиано,8,result,207
аренда фортепиано,фортепиано,клавишные,rent,Москва,213,аренда класса фортепиано москва,7,result,207
аренда фортепиано,фортепиано,клавишные,rent,Москва,213,аренда фортепиано ру,5,result,207
аренда фортепиано,фортепиано,клавишные,rent,Москва,213,фортепиано длительная аренда москва,5,result,207
аренда фортепиано,фортепиано,клавишные,rent,Москва,213,студия с фортепиано москва аренда,5,result,207
аренда фортепиано,фортепиано,клавишные,rent,Москва,213,аренда класса с фортепиано спб,2,result,207
аренда фортепиано,фортепиано,клавишные,rent,Москва,213,аренда фортепиано спб,2,result,207
фортепиано в аренду,фортепиано,клавишные,rent,Москва,213,фортепиано в аренду,27,result,27
фортепиано в аренду,фортепиано,клавишные,rent,Москва,213,фортепиано в аренду москва,13,result,27
аренда цифровое пианино,цифровое пианино,клавишные,rent,Москва,213,цифровое пианино в аренду,35,result,49
аренда цифровое пианино,цифровое пианино,клавишные,rent,Москва,213,аренда цифрового пианино в москве,22,result,49
цифровое пианино в аренду,цифровое пианино,клавишные,rent,Москва,213,цифровое пианино в аренду,35,result,35
цифровое пианино в аренду,цифровое пианино,клавишные,rent,Москва,213,аренда цифрового пианино в москве,22,result,35
аренда альт,альт,смычковые,rent,Москва,213,альт аренда,14,result,14
аренда виолончель,виолончель,смычковые,rent,Москва,213,виолончель в аренду,16,result,30
аренда виолончель,виолончель,смычковые,rent,Москва,213,аренда виолончели в москве,7,result,30
виолончель в аренду,виолончель,смычковые,rent,Москва,213,виолончель в аренду,16,result,16
виолончель в аренду,виолончель,смычковые,rent,Москва,213,аренда виолончели в москве,7,result,16
аренда контрабас,контрабас,смычковые,rent,Москва,213,аренда контрабаса,13,result,13
контрабас в аренду,контрабас,смычковые,rent,Москва,213,контрабас в аренду,3,result,3
аренда скрипка,скрипка,смычковые,rent,Москва,213,скрипка в аренду,18,result,37
аренда скрипка,скрипка,смычковые,rent,Москва,213,аренда скрипки москва,5,result,37
скрипка в аренду,скрипка,смычковые,rent,Москва,213,скрипка в аренду,18,result,18
аренда арфа,арфа,струнные,rent,Москва,213,аренда арфы,65,result,65
аренда арфа,арфа,струнные,rent,Москва,213,аренда арфы москва,21,result,65
аренда арфа,арфа,струнные,rent,Москва,213,взять арфу педальную в аренду,5,result,65
арфа в аренду,арфа,струнные,rent,Москва,213,арфа в аренду,20,result,20
арфа в аренду,арфа,струнные,rent,Москва,213,взять арфу педальную в аренду,5,result,20
аренда гитара,гитара,струнные,rent,Москва,213,аренда гитары,125,result,125
аренда гитара,гитара,струнные,rent,Москва,213,аренда гитары в москве,25,result,125
аренда гитара,гитара,струнные,rent,Москва,213,аренда бас гитары,13,result,125
аренда гитара,гитара,струнные,rent,Москва,213,взять гитару в аренду,9,result,125
аренда гитара,гитара,струнные,rent,Москва,213,акустическая гитара в аренду,4,result,125
гитара в аренду,гитара,струнные,rent,Москва,213,гитара в аренду,51,result,51
гитара в аренду,гитара,струнные,rent,Москва,213,аренда гитары в москве,25,result,51
гитара в аренду,гитара,струнные,rent,Москва,213,взять гитару в аренду,9,result,51
гитара в аренду,гитара,струнные,rent,Москва,213,акустическая гитара в аренду,4,result,51
гитара в аренду,гитара,струнные,rent,Москва,213,бас гитара в аренду,2,result,51
аренда саксофон Москва,саксофон,духовые,rent-city,Москва,213,аренда саксофона москва,12,result,12
аренда труба Москва,труба,духовые,rent-city,Москва,213,резьборез для труб электрический аренда в москве,1,result,31
аренда аккордеон Москва,аккордеон,клавишные,rent-city,Москва,213,аренда аккордеона в москве,5,result,5
аренда баян Москва,баян,клавишные,rent-city,Москва,213,аренда баяна в москве,11,result,12
аренда пианино Москва,пианино,клавишные,rent-city,Москва,213,аренда пианино в москве,68,result,92
аренда пианино Москва,пианино,клавишные,rent-city,Москва,213,аренда цифрового пианино в москве,22,result,92
аренда пианино Москва,пианино,клавишные,rent-city,Москва,213,аренда электронного пианино в москве,3,result,92
аренда пианино Москва,пианино,клавишные,rent-city,Москва,213,аренда зала с пианино москва,2,result,92
аренда рояль Москва,рояль,клавишные,rent-city,Москва,213,аренда рояля в москве,48,result,59
аренда рояль Москва,рояль,клавишные,rent-city,Москва,213,аренда зала с роялем москва,9,result,59
аренда рояль Москва,рояль,клавишные,rent-city,Москва,213,аренда роялей стейнвей в москве,9,result,59
аренда синтезатор Москва,синтезатор,клавишные,rent-city,Москва,213,аренда синтезатора москва,21,result,21
аренда фортепиано Москва,фортепиано,клавишные,rent-city,Москва,213,аренда фортепиано москва,55,result,55
аренда фортепиано Москва,фортепиано,клавишные,rent-city,Москва,213,аренда класса фортепиано москва,7,result,55
аренда фортепиано Москва,фортепиано,клавишные,rent-city,Москва,213,фортепиано длительная аренда москва,5,result,55
аренда фортепиано Москва,фортепиано,клавишные,rent-city,Москва,213,студия с фортепиано москва аренда,5,result,55
аренда цифровое пианино Москва,цифровое пианино,клавишные,rent-city,Москва,213,аренда цифрового пианино в москве,22,result,30
аренда виолончель Москва,виолончель,смычковые,rent-city,Москва,213,аренда виолончели в москве,7,result,8
аренда скрипка Москва,скрипка,смычковые,rent-city,Москва,213,аренда скрипки москва,5,result,5
аренда арфа Москва,арфа,струнные,rent-city,Москва,213,аренда арфы москва,21,result,21
аренда гитара Москва,гитара,струнные,rent-city,Москва,213,аренда гитары в москве,25,result,39
прокат саксофон,саксофон,духовые,prokat,Москва,213,прокат саксофонов,1,result,1
прокат труба,труба,духовые,prokat,Москва,213,прокат труб,260,result,260
прокат труба,труба,духовые,prokat,Москва,213,прокат профильной трубы,43,result,260
прокат труба,труба,духовые,prokat,Москва,213,сталь трубы прокат,20,result,260
прокат труба,труба,духовые,prokat,Москва,213,прокат диаметр трубы,18,result,260
прокат труба,труба,духовые,prokat,Москва,213,трубы какой прокат,17,result,260
прокат труба,труба,духовые,prokat,Москва,213,блок проката профильной трубы,16,result,260
прокат труба,труба,духовые,prokat,Москва,213,блок проката трубы,16,result,260
прокат труба,труба,духовые,prokat,Москва,213,прокат труб гост,16,result,260
прокат труба,труба,духовые,prokat,Москва,213,станок для проката профильной трубы,16,result,260
прокат труба,труба,духовые,prokat,Москва,213,станок для проката трубы,16,result,260
прокат труба,труба,духовые,prokat,Москва,213,труба металлическая прокат,16,result,260
прокат труба,труба,духовые,prokat,Москва,213,алюминиевый прокат труба,15,result,260
прокат труба,труба,духовые,prokat,Москва,213,мини блок для проката профильной трубы,14,result,260
прокат труба,труба,духовые,prokat,Москва,213,купить трубу прокат,14,result,260
прокат труба,труба,духовые,prokat,Москва,213,стальной прокат труб,13,result,260
прокат труба,труба,духовые,prokat,Москва,213,сортовой прокат труба,11,result,260
прокат труба,труба,духовые,prokat,Москва,213,профильная труба прокат купить,10,result,260
прокат труба,труба,духовые,prokat,Москва,213,купить блок проката профильной трубы,9,result,260
прокат труба,труба,духовые,prokat,Москва,213,металл прокат трубы,7,result,260
прокат труба,труба,духовые,prokat,Москва,213,холодный прокат труб,7,result,260
прокат труба,труба,духовые,prokat,Москва,213,производство трубы прокат,7,result,260
прокат труба,труба,духовые,prokat,Москва,213,прокат профиля труб,7,result,260
прокат труба,труба,духовые,prokat,Москва,213,прокат трубы круглой,7,result,260
прокат труба,труба,духовые,prokat,Москва,213,купить мини блок для проката профильной трубы,6,result,260
прокат труба,труба,духовые,prokat,Москва,213,виды проката труб,6,result,260
прокат труба,труба,духовые,prokat,Москва,213,прокат пресса труб,6,result,260
прокат труба,труба,духовые,prokat,Москва,213,прокат прессов труб,6,result,260
прокат труба,труба,духовые,prokat,Москва,213,прокат квадратной трубы,5,result,260
прокат труба,труба,духовые,prokat,Москва,213,прокат профильной трубы для холодной ковки,4,result,260
прокат труба,труба,духовые,prokat,Москва,213,профильная труба холодного проката,4,result,260
прокат труба,труба,духовые,prokat,Москва,213,труба фасонный прокат,4,result,260
прокат труба,труба,духовые,prokat,Москва,213,длина проката труб,4,result,260
прокат труба,труба,духовые,prokat,Москва,213,заводы прокат трубы,4,result,260
прокат труба,труба,духовые,prokat,Москва,213,прокат паяльника для полипропиленовых труб,4,result,260
прокат труба,труба,духовые,prokat,Москва,213,прокат паяльников труб,4,result,260
прокат труба,труба,духовые,prokat,Москва,213,ролики для проката трубы,4,result,260
прокат труба,труба,духовые,prokat,Москва,213,прокат трубы цена,4,result,260
прокат труба,труба,духовые,prokat,Москва,213,прокат проф трубы,3,result,260
прокат труба,труба,духовые,prokat,Москва,213,трубы черный прокат,3,result,260
прокат труба,труба,духовые,prokat,Москва,213,трубы относятся к прокату,3,result,260
прокат труба,труба,духовые,prokat,Москва,213,труба прокат горячекатаный,3,result,260
прокат труба,труба,духовые,prokat,Москва,213,труба прокат размеры,3,result,260
прокат труба,труба,духовые,prokat,Москва,213,инструмент для проката труб,3,result,260
прокат труба,труба,духовые,prokat,Москва,213,самодельный станок для проката профильной трубы,2,result,260
прокат труба,труба,духовые,prokat,Москва,213,производство проката медных труб,1,result,260
прокат труба,труба,духовые,prokat,Москва,213,прокат пресс для металлопластиковых труб,1,result,260
прокат труба,труба,духовые,prokat,Москва,213,прокат пресса для металлопластиковых труб,1,result,260
прокат труба,труба,духовые,prokat,Москва,213,прокат труба 40,1,result,260
прокат труба,труба,духовые,prokat,Москва,213,прокат трубы прямоугольной,1,result,260
прокат труба,труба,духовые,prokat,Москва,213,стан проката трубы,1,result,260
прокат труба,труба,духовые,prokat,Москва,213,стан холодного проката трубы,1,result,260
прокат труба,труба,духовые,prokat,Москва,213,труба прямоугольная к какому прокату относится,1,result,260
прокат труба,труба,духовые,prokat,Москва,213,прокат листа в трубу,1,result,260
прокат труба,труба,духовые,prokat,Москва,213,прокат трубы ручной,1,result,260
прокат труба,труба,духовые,prokat,Москва,213,термист проката и труб,1,result,260
прокат труба,труба,духовые,prokat,Москва,213,правильщик проката и труб,1,result,260
прокат труба,труба,духовые,prokat,Москва,213,прокат бесшовной трубы,1,result,260
прокат труба,труба,духовые,prokat,Москва,213,прокат нержавеющих труб,1,result,260
прокат труба,труба,духовые,prokat,Москва,213,калькулятор проката трубы,1,result,260
прокат труба,труба,духовые,prokat,Москва,213,листовой прокат из труб,1,result,260
труба напрокат,труба,духовые,prokat,Москва,213,паяльник труб напрокат,1,result,15
аккордеон напрокат,аккордеон,клавишные,prokat,Москва,213,аккордеон напрокат,5,result,5
прокат аккордеон,аккордеон,клавишные,prokat,Москва,213,прокат аккордеона,17,result,17
баян напрокат,баян,клавишные,prokat,Москва,213,баян напрокат,13,result,13
прокат баян,баян,клавишные,prokat,Москва,213,прокат баяна,17,result,17
прокат баян,баян,клавишные,prokat,Москва,213,баю бай прокат,2,result,17
пианино напрокат,пианино,клавишные,prokat,Москва,213,пианино напрокат,4,result,4
пианино напрокат,пианино,клавишные,prokat,Москва,213,электронное пианино напрокат,2,result,4
