seed,city,region_id,phrase,count,relation,total_count
аренда пианино,Москва,213,аренда пианино,235,result,235
аренда пианино,Москва,213,аренда пианино в москве,78,result,235
аренда пианино,Москва,213,цифровое пианино в аренду,35,result,235
аренда пианино,Москва,213,аренда цифрового пианино в москве,24,result,235
аренда пианино,Москва,213,аренда класса с пианино,14,result,235
аренда пианино,Москва,213,электронное пианино в аренду,10,result,235
аренда пианино,Москва,213,аренда зала пианино,9,result,235
аренда пианино,Москва,213,возьму пианино в аренду,7,result,235
аренда пианино,Москва,213,аренда пианино тюмень,6,result,235
аренда пианино,Москва,213,аренда электронного пианино в москве,6,result,235
аренда пианино,Москва,213,аренда зала с пианино москва,3,result,235
аренда пианино,Москва,213,аренда пианино спб,1,result,235
аренда пианино,Москва,213,ноты для фортепиано,55031,association,235
аренда пианино,Москва,213,игра на фортепиано,5908,association,235
аренда пианино,Москва,213,аккорды на фортепиано,1055,association,235
аренда пианино,Москва,213,сколько октав на фортепиано,71,association,235
аренда пианино,Москва,213,уроки фортепиано,2078,association,235
аренда пианино,Москва,213,фортепиано и рояль в чем разница,96,association,235
аренда пианино,Москва,213,фортепиано ямаха,349,association,235
аренда пианино,Москва,213,сколько клавиш на фортепиано классическом,19,association,235
аренда пианино,Москва,213,пианизатор,11,association,235
аренда пианино,Москва,213,легкие песни на фортепиано,141,association,235
аренда пианино,Москва,213,earth song ноты для фортепиано,26,association,235
аренда пианино,Москва,213,мурка на фортепиано,42,association,235
аренда пианино,Москва,213,как играть на фортепиано,1078,association,235
аренда пианино,Москва,213,фортепьяно как пишется,139,association,235
аренда пианино,Москва,213,буги вуги на фортепиано,57,association,235
аренда пианино,Москва,213,фортепиано сколько клавиш,468,association,235
аренда пианино,Москва,213,обучение фортепиано,1157,association,235
аренда пианино,Москва,213,фортепиано kawai,88,association,235
прокат пианино,Москва,213,прокат пианино,19,result,19
прокат пианино,Москва,213,прокат цифрового пианино,1,result,19
прокат пианино,Москва,213,клавиатура фортепиано,2031,association,19
прокат пианино,Москва,213,сколько клавиш у фортепиано,267,association,19
прокат пианино,Москва,213,фортепиано слушать,6653,association,19
прокат пианино,Москва,213,музыка для сна фортепиано,37,association,19
прокат пианино,Москва,213,гарри поттер ноты для фортепиано,143,association,19
прокат пианино,Москва,213,стул для фортепиано,145,association,19
прокат пианино,Москва,213,клавиатура фортепиано для сольфеджио,173,association,19
прокат пианино,Москва,213,фортепиано караоке,254,association,19
прокат пианино,Москва,213,титаник на фортепиано,26,association,19
прокат пианино,Москва,213,фортепиано сколько клавиш,468,association,19
прокат пианино,Москва,213,фортепиано kawai,88,association,19
прокат пианино,Москва,213,электропианино ямаха,59,association,19
прокат пианино,Москва,213,эйнауди ноты для фортепиано,179,association,19
прокат пианино,Москва,213,архив пианистки ноты для фортепиано для дмш,8,association,19
аренда фортепиано,Москва,213,аренда фортепиано,214,result,214
аренда фортепиано,Москва,213,аренда фортепиано москва,67,result,214
аренда фортепиано,Москва,213,аренда класса с фортепиано,34,result,214
аренда фортепиано,Москва,213,аренда помещения с фортепиано,17,result,214
аренда фортепиано,Москва,213,аренда зала фортепиано,15,result,214
аренда фортепиано,Москва,213,аренда студии с фортепиано,13,result,214
аренда фортепиано,Москва,213,аренда электронного фортепиано,8,result,214
аренда фортепиано,Москва,213,аренда кабинета с фортепиано,7,result,214
аренда фортепиано,Москва,213,студия с фортепиано москва аренда,7,result,214
аренда фортепиано,Москва,213,аренда класса фортепиано москва,7,result,214
аренда фортепиано,Москва,213,аренда фортепиано ру,5,result,214
аренда фортепиано,Москва,213,фортепиано длительная аренда москва,5,result,214
аренда фортепиано,Москва,213,аренда класса с фортепиано спб,2,result,214
аренда фортепиано,Москва,213,аренда фортепиано спб,2,result,214
аренда фортепиано,Москва,213,пианино играть,10655,association,214
аренда фортепиано,Москва,213,пианино онлайн играть,420,association,214
аренда фортепиано,Москва,213,вес пианино,656,association,214
аренда фортепиано,Москва,213,ноты на пианино,6275,association,214
аренда фортепиано,Москва,213,love story на пианино,186,association,214
аренда фортепиано,Москва,213,пианино онлайн на клавиатуре,324,association,214
аренда фортепиано,Москва,213,настройка пианино,523,association,214
аренда фортепиано,Москва,213,что сыграть на пианино,215,association,214
аренда фортепиано,Москва,213,как настроить пианино,139,association,214
аренда фортепиано,Москва,213,гаммы на пианино,244,association,214
аренда фортепиано,Москва,213,расстроенное пианино,106,association,214
аренда фортепиано,Москва,213,пианино ноктюрн,158,association,214
аренда фортепиано,Москва,213,пианино сюита,43,association,214
аренда фортепиано,Москва,213,как сыграть на пианино,1713,association,214
аренда фортепиано,Москва,213,стойка для пианино,444,association,214
аренда фортепиано,Москва,213,сколько стоит настроить пианино,30,association,214
прокат фортепиано,Москва,213,прокат фортепиано,12,result,12
прокат фортепиано,Москва,213,гарри поттер на пианино,318,association,12
прокат фортепиано,Москва,213,металлика на пианино,14,association,12
прокат фортепиано,Москва,213,пианино чебурашка,149,association,12
прокат фортепиано,Москва,213,собачий вальс на пианино по цифрам,8,association,12
прокат фортепиано,Москва,213,скрипт на пианино,23,association,12
прокат фортепиано,Москва,213,зеленский играет на пианино,132,association,12
прокат фортепиано,Москва,213,таблица аккордов на пианино,70,association,12
прокат фортепиано,Москва,213,пианино октава,631,association,12
прокат фортепиано,Москва,213,пианино сюита,43,association,12
прокат фортепиано,Москва,213,легкие песенки на пианино,43,association,12
прокат фортепиано,Москва,213,симулятор пианино на клавиатуре,7,association,12
прокат фортепиано,Москва,213,пианино 1993,100,association,12
аренда цифрового пианино,Москва,213,цифровое пианино в аренду,35,result,50
аренда цифрового пианино,Москва,213,аренда цифрового пианино в москве,24,result,50
аренда цифрового пианино,Москва,213,электронное фортепиано,1268,association,50
аренда цифрового пианино,Москва,213,succession ноты для фортепиано,105,association,50
аренда цифрового пианино,Москва,213,электронное фортепиано купить,226,association,50
аренда цифрового пианино,Москва,213,город которого нет ноты для фортепиано,61,association,50
аренда цифрового пианино,Москва,213,это школа соломона пляра ноты для фортепиано,16,association,50
аренда цифрового пианино,Москва,213,виртуальное фортепиано,165,association,50
аренда цифрового пианино,Москва,213,виртуальная клавиатура фортепиано,79,association,50
аренда цифрового пианино,Москва,213,репетитор по фортепиано,240,association,50
аренда цифрового пианино,Москва,213,виртуальный синтезатор,77,association,50
аренда цифрового пианино,Москва,213,ноты для фортепиано и синтезатора,8,association,50
аренда цифрового пианино,Москва,213,буги вуги на фортепиано,57,association,50
аренда цифрового пианино,Москва,213,фортепиано сколько клавиш,468,association,50
аренда цифрового пианино,Москва,213,электронное фортепиано ямаха,117,association,50
прокат цифрового пианино,Москва,213,прокат цифрового пианино,1,result,1
прокат цифрового пианино,Москва,213,электронное фортепиано,1268,association,1
прокат цифрового пианино,Москва,213,сколько клавиш у фортепиано,267,association,1
прокат цифрового пианино,Москва,213,электронное фортепиано купить,226,association,1
прокат цифрового пианино,Москва,213,легкие ноты для фортепиано,769,association,1
прокат цифрового пианино,Москва,213,виртуальное фортепиано,165,association,1
прокат цифрового пианино,Москва,213,вес фортепиано,75,association,1
прокат цифрового пианино,Москва,213,электрическое фортепиано,121,association,1
прокат цифрового пианино,Москва,213,виртуальная клавиатура фортепиано,79,association,1
прокат цифрового пианино,Москва,213,синтезатор casio ct x700,28,association,1
прокат цифрового пианино,Москва,213,репетитор по фортепиано,240,association,1
прокат цифрового пианино,Москва,213,аренда музыкального класса,213,association,1
прокат цифрового пианино,Москва,213,ноты для фортепиано и синтезатора,8,association,1
прокат цифрового пианино,Москва,213,наплечный синтезатор,51,association,1
прокат цифрового пианино,Москва,213,фортепиано kawai,88,association,1
прокат цифрового пианино,Москва,213,digital piano,271,association,1
прокат цифрового пианино,Москва,213,электропианино ямаха,59,association,1
прокат цифрового пианино,Москва,213,электронное фортепиано ямаха,117,association,1
аренда рояля,Москва,213,аренда рояля,146,result,146
аренда рояля,Москва,213,аренда рояля в москве,50,result,146
аренда рояля,Москва,213,аренда зала с роялем,40,result,146
аренда рояля,Москва,213,аренда зала с роялем москва,13,result,146
аренда рояля,Москва,213,аренда класса с роялем,12,result,146
аренда рояля,Москва,213,залы с роялем в аренду,10,result,146
аренда рояля,Москва,213,аренда роялей стейнвей в москве,9,result,146
аренда рояля,Москва,213,аренда концертного рояля,4,result,146
аренда рояля,Москва,213,сцена с роялем аренда,3,result,146
аренда рояля,Москва,213,jalen royal,66,association,146
аренда рояля,Москва,213,royal canin recovery,270,association,146
аренда рояля,Москва,213,роял бич,1141,association,146
аренда рояля,Москва,213,titanic royal,383,association,146
аренда рояля,Москва,213,роял клиник,478,association,146
аренда рояля,Москва,213,royal kludge rk61,12,association,146
аренда рояля,Москва,213,роял фри,227,association,146
аренда рояля,Москва,213,nulls royal,41,association,146
аренда рояля,Москва,213,royal arms,58,association,146
аренда рояля,Москва,213,nulls clash royale,43,association,146
аренда рояля,Москва,213,royal kludge rk100,14,association,146
аренда рояля,Москва,213,роял кейн,134,association,146
аренда рояля,Москва,213,роял для заводчиков,222,association,146
аренда рояля,Москва,213,royal island,470,association,146
аренда рояля,Москва,213,фортепиано играть,3658,association,146
аренда концертного рояля,Москва,213,аренда концертного рояля,4,result,4
аренда концертного рояля,Москва,213,роял тур,243,association,4
аренда концертного рояля,Москва,213,макан афиша концертов 2026,12,association,4
аренда концертного рояля,Москва,213,рахманинов 3 концерт для фортепиано,668,association,4
аренда концертного рояля,Москва,213,пианино прелюдия,55,association,4
аренда концертного рояля,Москва,213,фортепианный концерт,1440,association,4
аренда концертного рояля,Москва,213,концерт для фортепиано с оркестром,6964,association,4
аренда концертного рояля,Москва,213,шуман концерт для фортепиано с оркестром,119,association,4
аренда концертного рояля,Москва,213,рахманинов концерты для фортепиано с оркестром мацуев,104,association,4
аренда концертного рояля,Москва,213,скрябин концерт для фортепиано с оркестром,68,association,4
аренда синтезатора,Москва,213,аренда синтезатора,58,result,58
аренда синтезатора,Москва,213,аренда синтезатора москва,21,result,58
аренда синтезатора,Москва,213,взять в аренду синтезатор,2,result,58
аренда синтезатора,Москва,213,нотр дам де пари мюзикл,2852,association,58
аренда синтезатора,Москва,213,гитара и фортепиано,169,association,58
аренда синтезатора,Москва,213,цифровое пианино касио,290,association,58
аренда синтезатора,Москва,213,мюзикл шоу нотр дам де пари,149,association,58
аренда синтезатора,Москва,213,замена процессора на компьютере,53,association,58
аренда синтезатора,Москва,213,korg pa600,21,association,58
аренда синтезатора,Москва,213,сценарий бременские музыканты мюзикл для детей спектакль,1,association,58
аренда синтезатора,Москва,213,виртуальное пианино играть,62,association,58
аренда синтезатора,Москва,213,фортепиано сколько клавиш,468,association,58
аренда синтезатора,Москва,213,сэмпл пианино,31,association,58
аренда синтезатора,Москва,213,цифровое пианино kawai,249,association,58
прокат синтезатора,Москва,213,прокат синтезатора,4,result,4
прокат синтезатора,Москва,213,пианино yamaha,2549,association,4
прокат синтезатора,Москва,213,пианино онлайн на клавиатуре,324,association,4
прокат синтезатора,Москва,213,электронное пианино yamaha,344,association,4
прокат синтезатора,Москва,213,ноты по цифрам для пианино,49,association,4
прокат синтезатора,Москва,213,цифровое пианино касио,290,association,4
прокат синтезатора,Москва,213,как снять звенья с часов casio,36,association,4
прокат синтезатора,Москва,213,цифровое пианино casio cdp s100,37,association,4
прокат синтезатора,Москва,213,аренда компьютера,512,association,4
прокат синтезатора,Москва,213,мелодии на пианино по цифрам,134,association,4
прокат синтезатора,Москва,213,классный мюзикл песни,171,association,4
прокат синтезатора,Москва,213,пианино на пк,35,association,4
прокат синтезатора,Москва,213,виртуальная клавиатура фортепиано,79,association,4
прокат синтезатора,Москва,213,аренда музыкальных инструментов,150,association,4
прокат синтезатора,Москва,213,korg pa600,21,association,4
прокат синтезатора,Москва,213,рок на пианино,117,association,4
прокат синтезатора,Москва,213,парень играет на пианино,141,association,4
прокат синтезатора,Москва,213,аренда звукового оборудования,144,association,4
прокат синтезатора,Москва,213,симулятор пианино на клавиатуре,7,association,4
прокат синтезатора,Москва,213,нотр дам де пари мюзикл на мельникова,236,association,4
аренда аккордеона,Москва,213,аренда аккордеона,50,result,50
аренда аккордеона,Москва,213,аренда аккордеона в москве,31,result,50
аренда аккордеона,Москва,213,сколько собрал колобок в прокате,272,association,50
аренда аккордеона,Москва,213,контрольные прокаты по фигурному катанию,22658,association,50
аренда аккордеона,Москва,213,снятый картофельный мундир,65,association,50
аренда аккордеона,Москва,213,со скольки лет можно арендовать электросамокат,146,association,50
аренда аккордеона,Москва,213,как снять ящик с доводчиком,301,association,50
аренда аккордеона,Москва,213,прокат велосипедов,6350,association,50
аренда аккордеона,Москва,213,ам прокат,83,association,50
аренда аккордеона,Москва,213,как снять деньги с карты тройка,198,association,50
аренда аккордеона,Москва,213,rental bikes,108,association,50
аренда аккордеона,Москва,213,как снять барабан с бетономешалки,1,association,50
аренда аккордеона,Москва,213,фигурное катание контрольные прокаты,27242,association,50
аренда аккордеона,Москва,213,расписание контрольных прокатов по фигурному катанию,840,association,50
аренда аккордеона,Москва,213,как снять самокат,1523,association,50
аренда аккордеона,Москва,213,как снять задний диван на хавал м6,4,association,50
аренда аккордеона,Москва,213,как снять кассету,278,association,50
прокат аккордеона,Москва,213,прокат аккордеона,14,result,14
прокат аккордеона,Москва,213,велопрокат,1509,association,14
прокат аккордеона,Москва,213,аренда инструмента,5513,association,14
прокат аккордеона,Москва,213,снятый картофельный мундир,65,association,14
прокат аккордеона,Москва,213,как снять ящик с металлических выездных полозьев,20,association,14
прокат аккордеона,Москва,213,как снять ящик с металлических выездных,25,association,14
прокат аккордеона,Москва,213,как снять заднюю кассету на велосипеде,28,association,14
прокат аккордеона,Москва,213,аренда спортзала,470,association,14
прокат аккордеона,Москва,213,аренда фуры,454,association,14
прокат аккордеона,Москва,213,как снять кассету с заднего колеса,47,association,14
прокат аккордеона,Москва,213,аренда лошади,567,association,14
прокат аккордеона,Москва,213,танцзал аренда,8,association,14
прокат аккордеона,Москва,213,жених напрокат смотреть онлайн,227,association,14
прокат аккордеона,Москва,213,как снять задний барабан на ларгусе,18,association,14
прокат аккордеона,Москва,213,арендовать аккаунт валорант,14,association,14
аренда баяна,Москва,213,аренда баяна,49,result,49
аренда баяна,Москва,213,баян в аренду юпитер 2 д,16,result,49
аренда баяна,Москва,213,аренда баяна в москве,9,result,49
аренда баяна,Москва,213,прокат лодок,955,association,49
аренда баяна,Москва,213,zoom прокат,218,association,49
аренда баяна,Москва,213,как снять тормозной барабан,315,association,49
аренда баяна,Москва,213,снята ударение,1658,association,49
аренда баяна,Москва,213,где снимали фильм мимино,28,association,49
аренда баяна,Москва,213,обратный молоток для снятия подшипников,15,association,49
аренда баяна,Москва,213,как снять задний барабан на ниве,31,association,49
аренда баяна,Москва,213,прокат музыкальных инструментов,85,association,49
аренда баяна,Москва,213,как сделать съемник для подшипников,2,association,49
аренда баяна,Москва,213,прокат подката,11,association,49
аренда баяна,Москва,213,как снять стартер на рено логан 1,5,association,49
прокат баяна,Москва,213,прокат баяна,18,result,18
прокат баяна,Москва,213,баю бай прокат,3,result,18
прокат баяна,Москва,213,колыбельная баю баюшки баю,1209,association,18
прокат баяна,Москва,213,баю бай картошка,31,association,18
прокат баяна,Москва,213,баю баю за рекой,116,association,18
прокат баяна,Москва,213,баю бай засыпай,1796,association,18
прокат баяна,Москва,213,старинный музыкальный инструмент,588,association,18
прокат баяна,Москва,213,кардан барабанный,71,association,18
прокат баяна,Москва,213,боян инструмент,42,association,18
прокат баяна,Москва,213,колыбельная баю баюшки баю не,449,association,18
прокат баяна,Москва,213,песня баяноммай,76,association,18
прокат баяна,Москва,213,аренда газонокосилки,81,association,18
прокат баяна,Москва,213,рента кар,389,association,18
прокат баяна,Москва,213,песня баю бай засыпай,355,association,18
прокат баяна,Москва,213,жених напрокат смотреть онлайн,227,association,18
прокат баяна,Москва,213,съемник барабанов,318,association,18
прокат баяна,Москва,213,баю баю лялиля видео,8,association,18
аренда скрипки,Москва,213,скрипка в аренду,17,result,36
аренда скрипки,Москва,213,аренда скрипки москва,5,result,36
аренда скрипки,Москва,213,скрипичный ключ,4843,association,36
аренда скрипки,Москва,213,скрипач песня слушать онлайн бесплатно,74,association,36
аренда скрипки,Москва,213,рецепты скрипкиной,4143,association,36
аренда скрипки,Москва,213,скрип на мм2,42,association,36
аренда скрипки,Москва,213,виор и скрипач,145,association,36
аренда скрипки,Москва,213,репин скрипач,1278,association,36
аренда скрипки,Москва,213,кобяков скрипач,205,association,36
аренда скрипки,Москва,213,инструмент в скрипичном квартете,27,association,36
аренда скрипки,Москва,213,скрип кровати,577,association,36
аренда скрипки,Москва,213,звук скрипа кровати,64,association,36
аренда скрипки,Москва,213,скрипач вечный круг,111,association,36
аренда скрипки,Москва,213,коган скрипач,235,association,36
аренда скрипки,Москва,213,скрипач песня gazonra,192,association,36
аренда скрипки,Москва,213,скрипачка мэй,164,association,36
аренда скрипки,Москва,213,скрипач минус,35,association,36
прокат скрипки,Москва,213,прокат скрипки,4,result,4
прокат скрипки,Москва,213,бременские музыканты сказка,1054,association,4
прокат скрипки,Москва,213,гобой музыкальный инструмент,535,association,4
прокат скрипки,Москва,213,вадим репин скрипач биография,484,association,4
прокат скрипки,Москва,213,скрипач песня скачать,331,association,4
прокат скрипки,Москва,213,виола музыкальный инструмент,83,association,4
прокат скрипки,Москва,213,бубен музыкальный инструмент,241,association,4
прокат скрипки,Москва,213,кларнет деревянный духовой музыкальный инструмент,40,association,4
прокат скрипки,Москва,213,клип скрипач,139,association,4
прокат скрипки,Москва,213,каверы на гитаре и пианино,7,association,4
прокат скрипки,Москва,213,казиев скрипач,407,association,4
прокат скрипки,Москва,213,скрипичные инструменты,72,association,4
прокат скрипки,Москва,213,шарманка музыкальный инструмент,38,association,4
прокат скрипки,Москва,213,загадки про музыкальные инструменты,165,association,4
аренда контрабаса,Москва,213,аренда контрабаса,11,result,11
аренда контрабаса,Москва,213,local rent,263,association,11
аренда контрабаса,Москва,213,фигурное катание контрольные прокаты 2026,20645,association,11
аренда контрабаса,Москва,213,как отключить будильник на касио,99,association,11
аренда контрабаса,Москва,213,как отключить будильник,1738,association,11
аренда контрабаса,Москва,213,в оркестре играет гитара и скрипка,62,association,11
аренда контрабаса,Москва,213,билеты на контрольные прокаты по фигурному катанию,408,association,11
аренда контрабаса,Москва,213,сняла трусики в школе,77,association,11
аренда контрабаса,Москва,213,как изменить звук будильника на самсунг,15,association,11
аренда контрабаса,Москва,213,выносной регулятор баса для сабвуфера,53,association,11
аренда контрабаса,Москва,213,контрабасист,228,association,11
аренда контрабаса,Москва,213,сняла трусики,10483,association,11
аренда контрабаса,Москва,213,снял т bassboosted,20,association,11
пианино для музыкальной школы,Москва,213,пианино для музыкальной школы,320,result,320
пианино для музыкальной школы,Москва,213,цифровое пианино для музыкальной школы,165,result,320
пианино для музыкальной школы,Москва,213,какое пианино для музыкальной школы,113,result,320
пианино для музыкальной школы,Москва,213,пианино для музыкальной школы купить,80,result,320
пианино для музыкальной школы,Москва,213,пианино для детей музыкальная школа,73,result,320
пианино для музыкальной школы,Москва,213,какое пианино купить для музыкальной школы,67,result,320
пианино для музыкальной школы,Москва,213,какое пианино купить ребенку для музыкальной школы,58,result,320
пианино для музыкальной школы,Москва,213,электронное пианино для музыкальной школы,56,result,320
пианино для музыкальной школы,Москва,213,лучшее пианино для музыкальной школы,54,result,320
пианино для музыкальной школы,Москва,213,цифровое пианино для музыкальной школы купить,51,result,320
пианино для музыкальной школы,Москва,213,какое цифровое пианино для музыкальной школы купить,48,result,320
пианино для музыкальной школы,Москва,213,цифровое пианино для музыкальной школы для ребенка,46,result,320
пианино для музыкальной школы,Москва,213,пианино для обучения в музыкальной школе,45,result,320
пианино для музыкальной школы,Москва,213,какое лучше пианино для музыкальной школы,32,result,320
пианино для музыкальной школы,Москва,213,лучшие цифровые пианино для музыкальной школы,30,result,320
пианино для музыкальной школы,Москва,213,цифровое пианино для обучения в музыкальной школе,25,result,320
пианино для музыкальной школы,Москва,213,музыкальная школа пианино для начинающих,21,result,320
пианино для музыкальной школы,Москва,213,выбираем цифровое пианино для музыкальной школы,20,result,320
пианино для музыкальной школы,Москва,213,пианино для музыкальной школы рейтинг,19,result,320
пианино для музыкальной школы,Москва,213,музыкальная школа пианино для взрослых,18,result,320
пианино для музыкальной школы,Москва,213,как выбрать пианино для музыкальной школы,17,result,320
пианино для музыкальной школы,Москва,213,какие электронные пианино для музыкальных школ,16,result,320
пианино для музыкальной школы,Москва,213,электронное пианино для музыкальной школы купить,15,result,320
пианино для музыкальной школы,Москва,213,какое пианино выбрать для музыкальной школы,14,result,320
пианино для музыкальной школы,Москва,213,рейтинг цифровых пианино для музыкальной школы,13,result,320
пианино для музыкальной школы,Москва,213,хорошее электронное пианино для музыкальной школы,11,result,320
пианино для музыкальной школы,Москва,213,электронное пианино для музыкальной школы какой купить,11,result,320
пианино для музыкальной школы,Москва,213,пианино для учебы в музыкальной школе,8,result,320
пианино для музыкальной школы,Москва,213,пианино для занятий в музыкальной школе,8,result,320
пианино для музыкальной школы,Москва,213,какое цифровое пианино выбрать для музыкальной школы,8,result,320
пианино для музыкальной школы,Москва,213,хорошее цифровое пианино для ребенка музыкальной школы,8,result,320
пианино для музыкальной школы,Москва,213,пианино синтезатор для музыкальной школы,6,result,320
пианино для музыкальной школы,Москва,213,рейтинг электронных пианино для музыкальной школы,6,result,320
пианино для музыкальной школы,Москва,213,электронное пианино для музыкальной школы купить воронеж,2,result,320
пианино для музыкальной школы,Москва,213,хижина музыканта на баяне,310,association,320
пианино для музыкальной школы,Москва,213,ноты для фортепиано,55031,association,320
пианино для музыкальной школы,Москва,213,succession ноты для фортепиано,105,association,320
пианино для музыкальной школы,Москва,213,октавы на фортепиано,569,association,320
пианино для музыкальной школы,Москва,213,фортепиано слушать,6653,association,320
пианино для музыкальной школы,Москва,213,хижина музыканта гитара и музыка,64,association,320
пианино для музыкальной школы,Москва,213,песни на фортепиано,2588,association,320
пианино для музыкальной школы,Москва,213,уроки фортепиано,2078,association,320
пианино для музыкальной школы,Москва,213,музыка на синтезаторе,373,association,320
пианино для музыкальной школы,Москва,213,нотный стан с нотами для фортепиано,63,association,320
пианино для музыкальной школы,Москва,213,музыка фортепиано,3574,association,320
пианино для музыкальной школы,Москва,213,гитара и фортепиано,169,association,320
пианино для музыкальной школы,Москва,213,акустическое фортепиано,395,association,320
пианино для музыкальной школы,Москва,213,звук флейты,613,association,320
пианино для музыкальной школы,Москва,213,фортепиано yamaha,421,association,320
пианино для музыкальной школы,Москва,213,легкие песни на фортепиано,141,association,320
пианино для музыкальной школы,Москва,213,мелодии на фортепиано,832,association,320
пианино для музыкальной школы,Москва,213,красивая музыка на фортепиано,61,association,320
пианино для музыкальной школы,Москва,213,звук фортепиано,363,association,320
пианино для обучения,Москва,213,пианино для обучения,335,result,335
пианино для обучения,Москва,213,игры для обучения пианино,101,result,335
пианино для обучения,Москва,213,цифровое пианино для обучения,79,result,335
пианино для обучения,Москва,213,обучение на пианино для начинающих,49,result,335
пианино для обучения,Москва,213,синтезатор пианино для обучения,46,result,335
пианино для обучения,Москва,213,пианино для обучения в музыкальной школе,45,result,335
пианино для обучения,Москва,213,купить пианино для обучения,45,result,335
пианино для обучения,Москва,213,лучшее пианино для обучения,37,result,335
пианино для обучения,Москва,213,цифровое пианино для обучения в музыкальной,29,result,335
пианино для обучения,Москва,213,приложения для обучения пианино,28,result,335
пианино для обучения,Москва,213,цифровое пианино для обучения в музыкальной школе,25,result,335
пианино для обучения,Москва,213,обучение пианино для взрослых,25,result,335
пианино для обучения,Москва,213,обучение игры на пианино для начинающих,24,result,335
пианино для обучения,Москва,213,обучение на пианино для детей,20,result,335
пианино для обучения,Москва,213,приложение для обучения игры на пианино,20,result,335
пианино для обучения,Москва,213,лучшие цифровые пианино для обучения,19,result,335
пианино для обучения,Москва,213,программа для обучения пианино,17,result,335
пианино для обучения,Москва,213,какое пианино выбрать для обучения,16,result,335
пианино для обучения,Москва,213,электронное пианино для обучения,16,result,335
пианино для обучения,Москва,213,обучение игры на пианино для детей,15,result,335
пианино для обучения,Москва,213,программа для обучения игре на пианино,14,result,335
пианино для обучения,Москва,213,обучение игре на пианино для взрослых,14,result,335
пианино для обучения,Москва,213,обучение на пианино для начинающих взрослых,14,result,335
пианино для обучения,Москва,213,какое пианино купить для обучения,13,result,335
пианино для обучения,Москва,213,ноты для пианино обучение,12,result,335
пианино для обучения,Москва,213,обучение игры на пианино для начинающих взрослых,12,result,335
пианино для обучения,Москва,213,рейтинг цифровое пианино для обучения,11,result,335
пианино для обучения,Москва,213,какое цифровое пианино выбрать для обучения,10,result,335
пианино для обучения,Москва,213,пианино какое лучше выбрать для обучения,10,result,335
пианино для обучения,Москва,213,пианино с подсветкой клавиш для обучения,9,result,335
пианино для обучения,Москва,213,как выбрать пианино для обучения,8,result,335
пианино для обучения,Москва,213,как выбрать цифровое пианино для обучения,8,result,335
пианино для обучения,Москва,213,пианино для детей обучение купить,7,result,335
пианино для обучения,Москва,213,обучение на пианино для начинающих с нуля,6,result,335
пианино для обучения,Москва,213,песни для обучения на пианино,5,result,335
пианино для обучения,Москва,213,пианино обучение для детей с нуля,3,result,335
пианино для обучения,Москва,213,midi для обучения игры на пианино,3,result,335
пианино для обучения,Москва,213,какое цифровое пианино купить для обучения,3,result,335
пианино для обучения,Москва,213,программы для обучения игры на пианино midi,3,result,335
пианино для обучения,Москва,213,цифровое пианино или акустическое для обучения ребенка,2,result,335
пианино для обучения,Москва,213,синтезатор для обучения игры на пианино,2,result,335
пианино для обучения,Москва,213,пианино купить лучшее для обучения,2,result,335
пианино для обучения,Москва,213,игра на пианино для начинающих обучение бесплатно,1,result,335
пианино для обучения,Москва,213,обучение пианино с нуля для взрослых,1,result,335
пианино для обучения,Москва,213,лучшие цифровые пианино для обучения детей,1,result,335
пианино для обучения,Москва,213,самоучитель игры на фортепиано,366,association,335
пианино для обучения,Москва,213,уроки фортепиано,2078,association,335
пианино для обучения,Москва,213,учат в школе ноты для фортепиано,80,association,335
пианино для обучения,Москва,213,как научиться играть на фортепиано,121,association,335
пианино для обучения,Москва,213,школа игры на фортепиано,2735,association,335
пианино для обучения,Москва,213,музыкальная школа глинки,265,association,335
пианино для обучения,Москва,213,уроки игры на фортепиано,332,association,335
пианино для обучения,Москва,213,как играть на фортепиано,1078,association,335
пианино для обучения,Москва,213,клавиатура фортепиано для сольфеджио,173,association,335
пианино для обучения,Москва,213,мелодии на фортепиано,832,association,335
пианино для обучения,Москва,213,буги вуги на фортепиано,57,association,335
пианино для обучения,Москва,213,musicca piano,1,association,335
пианино для обучения,Москва,213,специальность фортепиано,95,association,335
пианино для обучения,Москва,213,эйнауди ноты для фортепиано,179,association,335
пианино для обучения,Москва,213,красивая музыка на фортепиано,61,association,335
пианино для обучения,Москва,213,звук фортепиано,363,association,335
аренда цифрового пианино,Казань,43,аренда цифрового пианино,5,result,5
аренда цифрового пианино,Казань,43,электронное фортепиано,154,association,5
аренда цифрового пианино,Казань,43,succession ноты для фортепиано,24,association,5
аренда цифрового пианино,Казань,43,песни на синтезаторе по цифрам,34,association,5
аренда цифрового пианино,Казань,43,сколько клавиш у фортепиано,42,association,5
аренда цифрового пианино,Казань,43,электронное фортепиано купить,15,association,5
аренда цифрового пианино,Казань,43,сколько октав на фортепиано,2,association,5
аренда цифрового пианино,Казань,43,rush e ноты для фортепиано,4,association,5
аренда цифрового пианино,Казань,43,виртуальное фортепиано,9,association,5
аренда цифрового пианино,Казань,43,фортепиано и рояль в чем разница,19,association,5
аренда цифрового пианино,Казань,43,виртуальная клавиатура фортепиано,1,association,5
аренда цифрового пианино,Казань,43,фортепиано сколько клавиш,70,association,5
аренда цифрового пианино,Казань,43,фортепиано kawai,7,association,5
аренда цифрового пианино,Казань,43,электро фортепиано,14,association,5
аренда цифрового пианино,Казань,43,электронное фортепиано ямаха,43,association,5
аренда цифрового пианино,Казань,43,электропианино и синтезатор в чем разница,6,association,5
